participant_id,session_id,session_folder_path,session_folder_readable,snirf_file,snirf_backup_file,psychopy_file,file_timestamp_iso,primary_raw_analysis_file,audit_backup_file,auxiliary_metadata_files,has_previous_marker_fix_backup,session_identity_ok,session_date,snirf_readable,annotation_count,duration_sec,notes,global_analysis_excluded,global_exclusion_reason
PID001,2025-11-06_008,/home/thiago/Documents/fnirs/simple/sessions/Sessions 05-11-25/PID001/2025-11-06_008,True,/home/thiago/Documents/fnirs/simple/sessions/Sessions 05-11-25/PID001/2025-11-06_008/2025-11-06_008.snirf,/home/thiago/Documents/fnirs/simple/sessions/Sessions 05-11-25/PID001/2025-11-06_008/2025-11-06_008.snirf.bak_pre_marker_fix,/home/thiago/Documents/fnirs/simple/sessions/Sessions 05-11-25/PID001/enem_blocks_PID01_20251106_124958.csv,2026-03-07T10:24:28,/home/thiago/Documents/fnirs/simple/sessions/Sessions 05-11-25/PID001/2025-11-06_008/2025-11-06_008.snirf,/home/thiago/Documents/fnirs/simple/sessions/Sessions 05-11-25/PID001/2025-11-06_008/2025-11-06_008.snirf.bak_pre_marker_fix,/home/thiago/Documents/fnirs/simple/sessions/Sessions 05-11-25/PID001/2025-11-06_008/2025-11-06_008_probeInfo.json;/home/thiago/Documents/fnirs/simple/sessions/Sessions 05-11-25/PID001/2025-11-06_008/2025-11-06_008_config.json;/home/thiago/Documents/fnirs/simple/sessions/Sessions 05-11-25/PID001/2025-11-06_008/2025-11-06_008_description.json;/home/thiago/Documents/fnirs/simple/sessions/Sessions 05-11-25/PID001/2025-11-06_008/2025-11-06_008_calibration.json;/home/thiago/Documents/fnirs/simple/sessions/Sessions 05-11-25/PID001/2025-11-06_008/digpts.txt;/home/thiago/Documents/fnirs/simple/sessions/Sessions 05-11-25/PID001/2025-11-06_008/2025-11-06_008_config.hdr,True,True,2025-11-06,True,181,4655.382528,Current .snirf differs from backup marker file,False,
PID002,2025-11-06_PID002,/home/thiago/Documents/fnirs/simple/sessions/Sessions 05-11-25/PID002/2025-11-06_PID002,True,/home/thiago/Documents/fnirs/simple/sessions/Sessions 05-11-25/PID002/2025-11-06_PID002/2025-11-06_001.snirf,/home/thiago/Documents/fnirs/simple/sessions/Sessions 05-11-25/PID002/2025-11-06_PID002/2025-11-06_001.snirf.bak_pre_marker_fix,/home/thiago/Documents/fnirs/simple/sessions/Sessions 05-11-25/PID002/enem_blocks_PID002_20251106_162601.csv,2026-03-07T10:24:28,/home/thiago/Documents/fnirs/simple/sessions/Sessions 05-11-25/PID002/2025-11-06_PID002/2025-11-06_001.snirf,/home/thiago/Documents/fnirs/simple/sessions/Sessions 05-11-25/PID002/2025-11-06_PID002/2025-11-06_001.snirf.bak_pre_marker_fix,/home/thiago/Documents/fnirs/simple/sessions/Sessions 05-11-25/PID002/2025-11-06_PID002/2025-11-06_001_probeInfo.json;/home/thiago/Documents/fnirs/simple/sessions/Sessions 05-11-25/PID002/2025-11-06_PID002/2025-11-06_001_config.json;/home/thiago/Documents/fnirs/simple/sessions/Sessions 05-11-25/PID002/2025-11-06_PID002/2025-11-06_001_description.json;/home/thiago/Documents/fnirs/simple/sessions/Sessions 05-11-25/PID002/2025-11-06_PID002/2025-11-06_001_calibration.json;/home/thiago/Documents/fnirs/simple/sessions/Sessions 05-11-25/PID002/2025-11-06_PID002/digpts.txt;/home/thiago/Documents/fnirs/simple/sessions/Sessions 05-11-25/PID002/2025-11-06_PID002/2025-11-06_001_config.hdr,True,True,2025-11-06,True,182,4499.767296000001,Current .snirf differs from backup marker file,False,
PID003,2025-11-11_003,/home/thiago/Documents/fnirs/simple/sessions/Sessions 11-11-25/PID003/2025-11-11_003,True,/home/thiago/Documents/fnirs/simple/sessions/Sessions 11-11-25/PID003/2025-11-11_003/2025-11-11_003.snirf,,/home/thiago/Documents/fnirs/simple/sessions/Sessions 11-11-25/PID003/enem_blocks_PID003_20251111_140525.csv,2025-11-11T15:20:10,/home/thiago/Documents/fnirs/simple/sessions/Sessions 11-11-25/PID003/2025-11-11_003/2025-11-11_003.snirf,,/home/thiago/Documents/fnirs/simple/sessions/Sessions 11-11-25/PID003/2025-11-11_003/2025-11-11_003_probeInfo.json;/home/thiago/Documents/fnirs/simple/sessions/Sessions 11-11-25/PID003/2025-11-11_003/2025-11-11_003_config.json;/home/thiago/Documents/fnirs/simple/sessions/Sessions 11-11-25/PID003/2025-11-11_003/2025-11-11_003_description.json;/home/thiago/Documents/fnirs/simple/sessions/Sessions 11-11-25/PID003/2025-11-11_003/2025-11-11_003_calibration.json;/home/thiago/Documents/fnirs/simple/sessions/Sessions 11-11-25/PID003/2025-11-11_003/digpts.txt;/home/thiago/Documents/fnirs/simple/sessions/Sessions 11-11-25/PID003/2025-11-11_003/2025-11-11_003_config.hdr,False,True,2025-11-11,True,244,4407.754752000001,,False,
PID004,2025-11-11_004,/home/thiago/Documents/fnirs/simple/sessions/Sessions 11-11-25/PID004/2025-11-11_004,True,/home/thiago/Documents/fnirs/simple/sessions/Sessions 11-11-25/PID004/2025-11-11_004/2025-11-11_004.snirf,,/home/thiago/Documents/fnirs/simple/sessions/Sessions 11-11-25/PID004/enem_blocks_pid004_20251111_154532.csv,2025-11-11T16:59:30,/home/thiago/Documents/fnirs/simple/sessions/Sessions 11-11-25/PID004/2025-11-11_004/2025-11-11_004.snirf,,/home/thiago/Documents/fnirs/simple/sessions/Sessions 11-11-25/PID004/2025-11-11_004/2025-11-11_004_probeInfo.json;/home/thiago/Documents/fnirs/simple/sessions/Sessions 11-11-25/PID004/2025-11-11_004/2025-11-11_004_config.json;/home/thiago/Documents/fnirs/simple/sessions/Sessions 11-11-25/PID004/2025-11-11_004/2025-11-11_004_description.json;/home/thiago/Documents/fnirs/simple/sessions/Sessions 11-11-25/PID004/2025-11-11_004/2025-11-11_004_calibration.json;/home/thiago/Documents/fnirs/simple/sessions/Sessions 11-11-25/PID004/2025-11-11_004/digpts.txt;/home/thiago/Documents/fnirs/simple/sessions/Sessions 11-11-25/PID004/2025-11-11_004/2025-11-11_004_config.hdr,False,True,2025-11-11,True,244,4474.601472000001,,False,
PID005,2025-11-12_001,/home/thiago/Documents/fnirs/simple/sessions/Sessions 12-11-25/PID05/2025-11-12_001,True,/home/thiago/Documents/fnirs/simple/sessions/Sessions 12-11-25/PID05/2025-11-12_001/2025-11-12_001.snirf,,/home/thiago/Documents/fnirs/simple/sessions/Sessions 12-11-25/PID05/enem_blocks_PID05_20251112_112312.csv,2025-11-12T12:37:52,/home/thiago/Documents/fnirs/simple/sessions/Sessions 12-11-25/PID05/2025-11-12_001/2025-11-12_001.snirf,,/home/thiago/Documents/fnirs/simple/sessions/Sessions 12-11-25/PID05/2025-11-12_001/2025-11-12_001_probeInfo.json;/home/thiago/Documents/fnirs/simple/sessions/Sessions 12-11-25/PID05/2025-11-12_001/2025-11-12_001_config.json;/home/thiago/Documents/fnirs/simple/sessions/Sessions 12-11-25/PID05/2025-11-12_001/2025-11-12_001_description.json;/home/thiago/Documents/fnirs/simple/sessions/Sessions 12-11-25/PID05/2025-11-12_001/2025-11-12_001_calibration.json;/home/thiago/Documents/fnirs/simple/sessions/Sessions 12-11-25/PID05/2025-11-12_001/digpts.txt;/home/thiago/Documents/fnirs/simple/sessions/Sessions 12-11-25/PID05/2025-11-12_001/2025-11-12_001_config.hdr,False,True,2025-11-12,True,244,4505.272320000001,,False,
PID006,2025-11-12_002,/home/thiago/Documents/fnirs/simple/sessions/Sessions 12-11-25/PID06/2025-11-12_002,True,/home/thiago/Documents/fnirs/simple/sessions/Sessions 12-11-25/PID06/2025-11-12_002/2025-11-12_002.snirf,,,2025-11-12T16:16:48,/home/thiago/Documents/fnirs/simple/sessions/Sessions 12-11-25/PID06/2025-11-12_002/2025-11-12_002.snirf,,/home/thiago/Documents/fnirs/simple/sessions/Sessions 12-11-25/PID06/2025-11-12_002/2025-11-12_002_probeInfo.json;/home/thiago/Documents/fnirs/simple/sessions/Sessions 12-11-25/PID06/2025-11-12_002/2025-11-12_002_config.json;/home/thiago/Documents/fnirs/simple/sessions/Sessions 12-11-25/PID06/2025-11-12_002/2025-11-12_002_description.json;/home/thiago/Documents/fnirs/simple/sessions/Sessions 12-11-25/PID06/2025-11-12_002/2025-11-12_002_calibration.json;/home/thiago/Documents/fnirs/simple/sessions/Sessions 12-11-25/PID06/2025-11-12_002/digpts.txt;/home/thiago/Documents/fnirs/simple/sessions/Sessions 12-11-25/PID06/2025-11-12_002/2025-11-12_002_config.hdr,False,True,2025-11-12,True,0,10.420224000000001,Additional session for participant; log paired to another session,True,Global downstream exclusion after Step 3 review: Excluded from Step 1 and Step 2 summaries and from future downstream analyses after Step 3 documented session 2025-11-12_002 as an implausibly short 10.420224 second recording with no paired PsychoPy log.
PID006,2025-11-12_003,/home/thiago/Documents/fnirs/simple/sessions/Sessions 12-11-25/PID06/2025-11-12_003,True,/home/thiago/Documents/fnirs/simple/sessions/Sessions 12-11-25/PID06/2025-11-12_003/2025-11-12_003.snirf,,/home/thiago/Documents/fnirs/simple/sessions/Sessions 12-11-25/PID06/enem_blocks_PID06_20251112_161827.csv,2025-11-12T17:32:38,/home/thiago/Documents/fnirs/simple/sessions/Sessions 12-11-25/PID06/2025-11-12_003/2025-11-12_003.snirf,,/home/thiago/Documents/fnirs/simple/sessions/Sessions 12-11-25/PID06/2025-11-12_003/2025-11-12_003_probeInfo.json;/home/thiago/Documents/fnirs/simple/sessions/Sessions 12-11-25/PID06/2025-11-12_003/2025-11-12_003_config.json;/home/thiago/Documents/fnirs/simple/sessions/Sessions 12-11-25/PID06/2025-11-12_003/2025-11-12_003_description.json;/home/thiago/Documents/fnirs/simple/sessions/Sessions 12-11-25/PID06/2025-11-12_003/2025-11-12_003_calibration.json;/home/thiago/Documents/fnirs/simple/sessions/Sessions 12-11-25/PID06/2025-11-12_003/digpts.txt;/home/thiago/Documents/fnirs/simple/sessions/Sessions 12-11-25/PID06/2025-11-12_003/2025-11-12_003_config.hdr,False,True,2025-11-12,True,243,4527.783936000001,,True,Global downstream exclusion after Step 3 review: Excluded from Step 1 and Step 2 summaries and from future downstream analyses after Step 3 documented session 2025-11-12_002 as an implausibly short 10.420224 second recording with no paired PsychoPy log.
PID007,2025-11-13_001,/home/thiago/Documents/fnirs/simple/sessions/Sessions 13-11-25/PID007/2025-11-13_001,True,/home/thiago/Documents/fnirs/simple/sessions/Sessions 13-11-25/PID007/2025-11-13_001/2025-11-13_001.snirf,,/home/thiago/Documents/fnirs/simple/sessions/Sessions 13-11-25/PID007/enem_blocks_pid007_20251113_163330.csv,2025-11-13T17:47:48,/home/thiago/Documents/fnirs/simple/sessions/Sessions 13-11-25/PID007/2025-11-13_001/2025-11-13_001.snirf,,/home/thiago/Documents/fnirs/simple/sessions/Sessions 13-11-25/PID007/2025-11-13_001/2025-11-13_001_probeInfo.json;/home/thiago/Documents/fnirs/simple/sessions/Sessions 13-11-25/PID007/2025-11-13_001/2025-11-13_001_config.json;/home/thiago/Documents/fnirs/simple/sessions/Sessions 13-11-25/PID007/2025-11-13_001/2025-11-13_001_description.json;/home/thiago/Documents/fnirs/simple/sessions/Sessions 13-11-25/PID007/2025-11-13_001/2025-11-13_001_calibration.json;/home/thiago/Documents/fnirs/simple/sessions/Sessions 13-11-25/PID007/2025-11-13_001/digpts.txt;/home/thiago/Documents/fnirs/simple/sessions/Sessions 13-11-25/PID007/2025-11-13_001/2025-11-13_001_config.hdr,False,True,2025-11-13,True,244,4481.187840000001,,False,
PID008,2025-11-14_002,/home/thiago/Documents/fnirs/simple/sessions/Sessions 14-11-25/PID08/2025-11-14_002,True,/home/thiago/Documents/fnirs/simple/sessions/Sessions 14-11-25/PID08/2025-11-14_002/2025-11-14_002.snirf,,/home/thiago/Documents/fnirs/simple/sessions/Sessions 14-11-25/PID08/enem_blocks_PID08_20251114_124523.csv,2025-11-14T13:58:36,/home/thiago/Documents/fnirs/simple/sessions/Sessions 14-11-25/PID08/2025-11-14_002/2025-11-14_002.snirf,,/home/thiago/Documents/fnirs/simple/sessions/Sessions 14-11-25/PID08/2025-11-14_002/2025-11-14_002_probeInfo.json;/home/thiago/Documents/fnirs/simple/sessions/Sessions 14-11-25/PID08/2025-11-14_002/2025-11-14_002_config.json;/home/thiago/Documents/fnirs/simple/sessions/Sessions 14-11-25/PID08/2025-11-14_002/2025-11-14_002_description.json;/home/thiago/Documents/fnirs/simple/sessions/Sessions 14-11-25/PID08/2025-11-14_002/2025-11-14_002_calibration.json;/home/thiago/Documents/fnirs/simple/sessions/Sessions 14-11-25/PID08/2025-11-14_002/digpts.txt;/home/thiago/Documents/fnirs/simple/sessions/Sessions 14-11-25/PID08/2025-11-14_002/2025-11-14_002_config.hdr,False,True,2025-11-14,True,244,4426.137600000001,,False,
PID009,2025-11-14_002 (PID09),/home/thiago/Documents/fnirs/simple/sessions/Sessions 14-11-25/PID09/2025-11-14_002 (PID09),True,/home/thiago/Documents/fnirs/simple/sessions/Sessions 14-11-25/PID09/2025-11-14_002 (PID09)/2025-11-14_002.snirf,,/home/thiago/Documents/fnirs/simple/sessions/Sessions 14-11-25/PID09/enem_blocks_PID09_20251114_143701.csv,2025-11-14T16:03:30,/home/thiago/Documents/fnirs/simple/sessions/Sessions 14-11-25/PID09/2025-11-14_002 (PID09)/2025-11-14_002.snirf,,/home/thiago/Documents/fnirs/simple/sessions/Sessions 14-11-25/PID09/2025-11-14_002 (PID09)/2025-11-14_002_probeInfo.json;/home/thiago/Documents/fnirs/simple/sessions/Sessions 14-11-25/PID09/2025-11-14_002 (PID09)/2025-11-14_002_config.json;/home/thiago/Documents/fnirs/simple/sessions/Sessions 14-11-25/PID09/2025-11-14_002 (PID09)/2025-11-14_002_description.json;/home/thiago/Documents/fnirs/simple/sessions/Sessions 14-11-25/PID09/2025-11-14_002 (PID09)/2025-11-14_002_calibration.json;/home/thiago/Documents/fnirs/simple/sessions/Sessions 14-11-25/PID09/2025-11-14_002 (PID09)/digpts.txt;/home/thiago/Documents/fnirs/simple/sessions/Sessions 14-11-25/PID09/2025-11-14_002 (PID09)/2025-11-14_002_config.hdr,False,True,2025-11-14,True,217,5208.8340480000015,,False,
PID010,2025-11-14_003,/home/thiago/Documents/fnirs/simple/sessions/Sessions 14-11-25/PID010/2025-11-14_003,True,/home/thiago/Documents/fnirs/simple/sessions/Sessions 14-11-25/PID010/2025-11-14_003/2025-11-14_003.snirf,,/home/thiago/Documents/fnirs/simple/sessions/Sessions 14-11-25/PID010/enem_blocks_PID010_20251114_165001.csv,2025-11-14T18:05:32,/home/thiago/Documents/fnirs/simple/sessions/Sessions 14-11-25/PID010/2025-11-14_003/2025-11-14_003.snirf,,/home/thiago/Documents/fnirs/simple/sessions/Sessions 14-11-25/PID010/2025-11-14_003/2025-11-14_003_probeInfo.json;/home/thiago/Documents/fnirs/simple/sessions/Sessions 14-11-25/PID010/2025-11-14_003/2025-11-14_003_config.json;/home/thiago/Documents/fnirs/simple/sessions/Sessions 14-11-25/PID010/2025-11-14_003/2025-11-14_003_description.json;/home/thiago/Documents/fnirs/simple/sessions/Sessions 14-11-25/PID010/2025-11-14_003/2025-11-14_003_calibration.json;/home/thiago/Documents/fnirs/simple/sessions/Sessions 14-11-25/PID010/2025-11-14_003/digpts.txt;/home/thiago/Documents/fnirs/simple/sessions/Sessions 14-11-25/PID010/2025-11-14_003/2025-11-14_003_config.hdr,False,True,2025-11-14,True,244,4545.08544,,False,
PID011,2025-11-18_002,/home/thiago/Documents/fnirs/simple/sessions/Sessions 18-11-25/PID11/2025-11-18_002,True,/home/thiago/Documents/fnirs/simple/sessions/Sessions 18-11-25/PID11/2025-11-18_002/2025-11-18_002.snirf,,/home/thiago/Documents/fnirs/simple/sessions/Sessions 18-11-25/PID11/enem_blocks_PID11_20251118_110941.csv,2025-11-18T12:23:12,/home/thiago/Documents/fnirs/simple/sessions/Sessions 18-11-25/PID11/2025-11-18_002/2025-11-18_002.snirf,,/home/thiago/Documents/fnirs/simple/sessions/Sessions 18-11-25/PID11/2025-11-18_002/2025-11-18_002_probeInfo.json;/home/thiago/Documents/fnirs/simple/sessions/Sessions 18-11-25/PID11/2025-11-18_002/2025-11-18_002_config.json;/home/thiago/Documents/fnirs/simple/sessions/Sessions 18-11-25/PID11/2025-11-18_002/2025-11-18_002_description.json;/home/thiago/Documents/fnirs/simple/sessions/Sessions 18-11-25/PID11/2025-11-18_002/2025-11-18_002_calibration.json;/home/thiago/Documents/fnirs/simple/sessions/Sessions 18-11-25/PID11/2025-11-18_002/digpts.txt;/home/thiago/Documents/fnirs/simple/sessions/Sessions 18-11-25/PID11/2025-11-18_002/2025-11-18_002_config.hdr,False,True,2025-11-18,True,246,4468.408320000001,,False,
PID012,2025-11-18_003,/home/thiago/Documents/fnirs/simple/sessions/Sessions 18-11-25/PID12/2025-11-18_003,True,/home/thiago/Documents/fnirs/simple/sessions/Sessions 18-11-25/PID12/2025-11-18_003/2025-11-18_003.snirf,,/home/thiago/Documents/fnirs/simple/sessions/Sessions 18-11-25/PID12/enem_blocks_PID12_20251118_141329.csv,2025-11-18T15:28:22,/home/thiago/Documents/fnirs/simple/sessions/Sessions 18-11-25/PID12/2025-11-18_003/2025-11-18_003.snirf,,/home/thiago/Documents/fnirs/simple/sessions/Sessions 18-11-25/PID12/2025-11-18_003/2025-11-18_003_probeInfo.json;/home/thiago/Documents/fnirs/simple/sessions/Sessions 18-11-25/PID12/2025-11-18_003/2025-11-18_003_config.json;/home/thiago/Documents/fnirs/simple/sessions/Sessions 18-11-25/PID12/2025-11-18_003/2025-11-18_003_description.json;/home/thiago/Documents/fnirs/simple/sessions/Sessions 18-11-25/PID12/2025-11-18_003/2025-11-18_003_calibration.json;/home/thiago/Documents/fnirs/simple/sessions/Sessions 18-11-25/PID12/2025-11-18_003/digpts.txt;/home/thiago/Documents/fnirs/simple/sessions/Sessions 18-11-25/PID12/2025-11-18_003/2025-11-18_003_config.hdr,False,True,2025-11-18,True,246,4513.529856000001,,False,
PID013,2025-11-18_004,/home/thiago/Documents/fnirs/simple/sessions/Sessions 18-11-25/PID13/2025-11-18_004,True,/home/thiago/Documents/fnirs/simple/sessions/Sessions 18-11-25/PID13/2025-11-18_004/2025-11-18_004.snirf,,/home/thiago/Documents/fnirs/simple/sessions/Sessions 18-11-25/PID13/enem_blocks_PID13_20251118_153529.csv,2025-11-18T16:51:48,/home/thiago/Documents/fnirs/simple/sessions/Sessions 18-11-25/PID13/2025-11-18_004/2025-11-18_004.snirf,,/home/thiago/Documents/fnirs/simple/sessions/Sessions 18-11-25/PID13/2025-11-18_004/2025-11-18_004_probeInfo.json;/home/thiago/Documents/fnirs/simple/sessions/Sessions 18-11-25/PID13/2025-11-18_004/2025-11-18_004_config.json;/home/thiago/Documents/fnirs/simple/sessions/Sessions 18-11-25/PID13/2025-11-18_004/2025-11-18_004_description.json;/home/thiago/Documents/fnirs/simple/sessions/Sessions 18-11-25/PID13/2025-11-18_004/2025-11-18_004_calibration.json;/home/thiago/Documents/fnirs/simple/sessions/Sessions 18-11-25/PID13/2025-11-18_004/digpts.txt;/home/thiago/Documents/fnirs/simple/sessions/Sessions 18-11-25/PID13/2025-11-18_004/2025-11-18_004_config.hdr,False,True,2025-11-18,True,246,4596.203520000001,,False,
PID014,2025-11-19_002,/home/thiago/Documents/fnirs/simple/sessions/Sessions 19-11-25/PID014/2025-11-19_002,True,/home/thiago/Documents/fnirs/simple/sessions/Sessions 19-11-25/PID014/2025-11-19_002/2025-11-19_002.snirf,,/home/thiago/Documents/fnirs/simple/sessions/Sessions 19-11-25/PID014/enem_blocks_PID014_20251119_102835.csv,2025-11-19T11:43:00,/home/thiago/Documents/fnirs/simple/sessions/Sessions 19-11-25/PID014/2025-11-19_002/2025-11-19_002.snirf,,/home/thiago/Documents/fnirs/simple/sessions/Sessions 19-11-25/PID014/2025-11-19_002/2025-11-19_002_probeInfo.json;/home/thiago/Documents/fnirs/simple/sessions/Sessions 19-11-25/PID014/2025-11-19_002/2025-11-19_002_config.json;/home/thiago/Documents/fnirs/simple/sessions/Sessions 19-11-25/PID014/2025-11-19_002/2025-11-19_002_description.json;/home/thiago/Documents/fnirs/simple/sessions/Sessions 19-11-25/PID014/2025-11-19_002/2025-11-19_002_calibration.json;/home/thiago/Documents/fnirs/simple/sessions/Sessions 19-11-25/PID014/2025-11-19_002/digpts.txt;/home/thiago/Documents/fnirs/simple/sessions/Sessions 19-11-25/PID014/2025-11-19_002/2025-11-19_002_config.hdr,False,True,2025-11-19,True,243,4480.401408000001,,False,
PID015,2025-11-19_003,/home/thiago/Documents/fnirs/simple/sessions/Sessions 19-11-25/PID015/2025-11-19_003,True,/home/thiago/Documents/fnirs/simple/sessions/Sessions 19-11-25/PID015/2025-11-19_003/2025-11-19_003.snirf,,/home/thiago/Documents/fnirs/simple/sessions/Sessions 19-11-25/PID015/enem_blocks_PID015_20251119_140111.csv,2025-11-19T15:16:06,/home/thiago/Documents/fnirs/simple/sessions/Sessions 19-11-25/PID015/2025-11-19_003/2025-11-19_003.snirf,,/home/thiago/Documents/fnirs/simple/sessions/Sessions 19-11-25/PID015/2025-11-19_003/2025-11-19_003_probeInfo.json;/home/thiago/Documents/fnirs/simple/sessions/Sessions 19-11-25/PID015/2025-11-19_003/2025-11-19_003_config.json;/home/thiago/Documents/fnirs/simple/sessions/Sessions 19-11-25/PID015/2025-11-19_003/2025-11-19_003_description.json;/home/thiago/Documents/fnirs/simple/sessions/Sessions 19-11-25/PID015/2025-11-19_003/2025-11-19_003_calibration.json;/home/thiago/Documents/fnirs/simple/sessions/Sessions 19-11-25/PID015/2025-11-19_003/digpts.txt;/home/thiago/Documents/fnirs/simple/sessions/Sessions 19-11-25/PID015/2025-11-19_003/2025-11-19_003_config.hdr,False,True,2025-11-19,True,246,4536.041472000001,,False,
PID016,2025-11-19_004,/home/thiago/Documents/fnirs/simple/sessions/Sessions 19-11-25/PID016/2025-11-19_004,True,/home/thiago/Documents/fnirs/simple/sessions/Sessions 19-11-25/PID016/2025-11-19_004/2025-11-19_004.snirf,,/home/thiago/Documents/fnirs/simple/sessions/Sessions 19-11-25/PID016/enem_blocks_PID016_20251119_160945.csv,2025-11-19T17:23:06,/home/thiago/Documents/fnirs/simple/sessions/Sessions 19-11-25/PID016/2025-11-19_004/2025-11-19_004.snirf,,/home/thiago/Documents/fnirs/simple/sessions/Sessions 19-11-25/PID016/2025-11-19_004/2025-11-19_004_probeInfo.json;/home/thiago/Documents/fnirs/simple/sessions/Sessions 19-11-25/PID016/2025-11-19_004/2025-11-19_004_config.json;/home/thiago/Documents/fnirs/simple/sessions/Sessions 19-11-25/PID016/2025-11-19_004/2025-11-19_004_description.json;/home/thiago/Documents/fnirs/simple/sessions/Sessions 19-11-25/PID016/2025-11-19_004/2025-11-19_004_calibration.json;/home/thiago/Documents/fnirs/simple/sessions/Sessions 19-11-25/PID016/2025-11-19_004/digpts.txt;/home/thiago/Documents/fnirs/simple/sessions/Sessions 19-11-25/PID016/2025-11-19_004/2025-11-19_004_config.hdr,False,True,2025-11-19,True,246,4505.8621440000015,,False,
PID017,2025-11-20_001,/home/thiago/Documents/fnirs/simple/sessions/Sessions 20-11-25/PID17/2025-11-20_001,True,/home/thiago/Documents/fnirs/simple/sessions/Sessions 20-11-25/PID17/2025-11-20_001/2025-11-20_001.snirf,,/home/thiago/Documents/fnirs/simple/sessions/Sessions 20-11-25/PID17/enem_blocks_pid17_20251120_101028.csv,2025-11-20T11:24:38,/home/thiago/Documents/fnirs/simple/sessions/Sessions 20-11-25/PID17/2025-11-20_001/2025-11-20_001.snirf,,/home/thiago/Documents/fnirs/simple/sessions/Sessions 20-11-25/PID17/2025-11-20_001/2025-11-20_001_probeInfo.json;/home/thiago/Documents/fnirs/simple/sessions/Sessions 20-11-25/PID17/2025-11-20_001/2025-11-20_001_config.json;/home/thiago/Documents/fnirs/simple/sessions/Sessions 20-11-25/PID17/2025-11-20_001/2025-11-20_001_description.json;/home/thiago/Documents/fnirs/simple/sessions/Sessions 20-11-25/PID17/2025-11-20_001/2025-11-20_001_calibration.json;/home/thiago/Documents/fnirs/simple/sessions/Sessions 20-11-25/PID17/2025-11-20_001/digpts.txt;/home/thiago/Documents/fnirs/simple/sessions/Sessions 20-11-25/PID17/2025-11-20_001/2025-11-20_001_config.hdr,False,True,2025-11-20,True,246,4481.384448000001,,False,
PID018,2025-11-20_002,/home/thiago/Documents/fnirs/simple/sessions/Sessions 20-11-25/PID18/2025-11-20_002,True,/home/thiago/Documents/fnirs/simple/sessions/Sessions 20-11-25/PID18/2025-11-20_002/2025-11-20_002.snirf,,/home/thiago/Documents/fnirs/simple/sessions/Sessions 20-11-25/PID18/enem_blocks_PID18_20251120_115656.csv,2025-11-20T13:22:00,/home/thiago/Documents/fnirs/simple/sessions/Sessions 20-11-25/PID18/2025-11-20_002/2025-11-20_002.snirf,,/home/thiago/Documents/fnirs/simple/sessions/Sessions 20-11-25/PID18/2025-11-20_002/2025-11-20_002_probeInfo.json;/home/thiago/Documents/fnirs/simple/sessions/Sessions 20-11-25/PID18/2025-11-20_002/2025-11-20_002_config.json;/home/thiago/Documents/fnirs/simple/sessions/Sessions 20-11-25/PID18/2025-11-20_002/2025-11-20_002_description.json;/home/thiago/Documents/fnirs/simple/sessions/Sessions 20-11-25/PID18/2025-11-20_002/2025-11-20_002_calibration.json;/home/thiago/Documents/fnirs/simple/sessions/Sessions 20-11-25/PID18/2025-11-20_002/digpts.txt;/home/thiago/Documents/fnirs/simple/sessions/Sessions 20-11-25/PID18/2025-11-20_002/2025-11-20_002_config.hdr,False,True,2025-11-20,True,223,5127.8315520000015,,False,
PID019,2025-11-20_003,/home/thiago/Documents/fnirs/simple/sessions/Sessions 20-11-25/PID19/2025-11-20_003,True,/home/thiago/Documents/fnirs/simple/sessions/Sessions 20-11-25/PID19/2025-11-20_003/2025-11-20_003.snirf,,/home/thiago/Documents/fnirs/simple/sessions/Sessions 20-11-25/PID19/enem_blocks_PID19_20251120_140642.csv,2025-11-20T15:20:06,/home/thiago/Documents/fnirs/simple/sessions/Sessions 20-11-25/PID19/2025-11-20_003/2025-11-20_003.snirf,,/home/thiago/Documents/fnirs/simple/sessions/Sessions 20-11-25/PID19/2025-11-20_003/2025-11-20_003_probeInfo.json;/home/thiago/Documents/fnirs/simple/sessions/Sessions 20-11-25/PID19/2025-11-20_003/2025-11-20_003_config.json;/home/thiago/Documents/fnirs/simple/sessions/Sessions 20-11-25/PID19/2025-11-20_003/2025-11-20_003_description.json;/home/thiago/Documents/fnirs/simple/sessions/Sessions 20-11-25/PID19/2025-11-20_003/2025-11-20_003_calibration.json;/home/thiago/Documents/fnirs/simple/sessions/Sessions 20-11-25/PID19/2025-11-20_003/digpts.txt;/home/thiago/Documents/fnirs/simple/sessions/Sessions 20-11-25/PID19/2025-11-20_003/2025-11-20_003_config.hdr,False,True,2025-11-20,True,246,4422.991872000001,,False,
PID020,2025-11-20_004,/home/thiago/Documents/fnirs/simple/sessions/Sessions 20-11-25/PID20/2025-11-20_004,True,/home/thiago/Documents/fnirs/simple/sessions/Sessions 20-11-25/PID20/2025-11-20_004/2025-11-20_004.snirf,,/home/thiago/Documents/fnirs/simple/sessions/Sessions 20-11-25/PID20/enem_blocks_PID20_20251120_163606.csv,2025-11-20T17:50:52,/home/thiago/Documents/fnirs/simple/sessions/Sessions 20-11-25/PID20/2025-11-20_004/2025-11-20_004.snirf,,/home/thiago/Documents/fnirs/simple/sessions/Sessions 20-11-25/PID20/2025-11-20_004/2025-11-20_004_probeInfo.json;/home/thiago/Documents/fnirs/simple/sessions/Sessions 20-11-25/PID20/2025-11-20_004/2025-11-20_004_config.json;/home/thiago/Documents/fnirs/simple/sessions/Sessions 20-11-25/PID20/2025-11-20_004/2025-11-20_004_description.json;/home/thiago/Documents/fnirs/simple/sessions/Sessions 20-11-25/PID20/2025-11-20_004/2025-11-20_004_calibration.json;/home/thiago/Documents/fnirs/simple/sessions/Sessions 20-11-25/PID20/2025-11-20_004/digpts.txt;/home/thiago/Documents/fnirs/simple/sessions/Sessions 20-11-25/PID20/2025-11-20_004/2025-11-20_004_config.hdr,False,True,2025-11-20,True,246,4506.255360000001,,False,
PID021,2025-11-21_001,/home/thiago/Documents/fnirs/simple/sessions/Sessions 21-11-25/PID021/2025-11-21_001,True,/home/thiago/Documents/fnirs/simple/sessions/Sessions 21-11-25/PID021/2025-11-21_001/2025-11-21_001.snirf,,/home/thiago/Documents/fnirs/simple/sessions/Sessions 21-11-25/PID021/enem_blocks_PID021_20251121_102759.csv,2025-11-21T11:53:24,/home/thiago/Documents/fnirs/simple/sessions/Sessions 21-11-25/PID021/2025-11-21_001/2025-11-21_001.snirf,,/home/thiago/Documents/fnirs/simple/sessions/Sessions 21-11-25/PID021/2025-11-21_001/2025-11-21_001_probeInfo.json;/home/thiago/Documents/fnirs/simple/sessions/Sessions 21-11-25/PID021/2025-11-21_001/2025-11-21_001_config.json;/home/thiago/Documents/fnirs/simple/sessions/Sessions 21-11-25/PID021/2025-11-21_001/2025-11-21_001_description.json;/home/thiago/Documents/fnirs/simple/sessions/Sessions 21-11-25/PID021/2025-11-21_001/2025-11-21_001_calibration.json;/home/thiago/Documents/fnirs/simple/sessions/Sessions 21-11-25/PID021/2025-11-21_001/digpts.txt;/home/thiago/Documents/fnirs/simple/sessions/Sessions 21-11-25/PID021/2025-11-21_001/2025-11-21_001_config.hdr,False,True,2025-11-21,True,239,5167.8412800000015,,False,
PID022,2025-11-21_002,/home/thiago/Documents/fnirs/simple/sessions/Sessions 21-11-25/PID022/2025-11-21_002,True,/home/thiago/Documents/fnirs/simple/sessions/Sessions 21-11-25/PID022/2025-11-21_002/2025-11-21_002.snirf,,/home/thiago/Documents/fnirs/simple/sessions/Sessions 21-11-25/PID022/enem_blocks_PID022_20251121_122104.csv,2025-11-21T13:36:34,/home/thiago/Documents/fnirs/simple/sessions/Sessions 21-11-25/PID022/2025-11-21_002/2025-11-21_002.snirf,,/home/thiago/Documents/fnirs/simple/sessions/Sessions 21-11-25/PID022/2025-11-21_002/2025-11-21_002_probeInfo.json;/home/thiago/Documents/fnirs/simple/sessions/Sessions 21-11-25/PID022/2025-11-21_002/2025-11-21_002_config.json;/home/thiago/Documents/fnirs/simple/sessions/Sessions 21-11-25/PID022/2025-11-21_002/2025-11-21_002_description.json;/home/thiago/Documents/fnirs/simple/sessions/Sessions 21-11-25/PID022/2025-11-21_002/2025-11-21_002_calibration.json;/home/thiago/Documents/fnirs/simple/sessions/Sessions 21-11-25/PID022/2025-11-21_002/digpts.txt;/home/thiago/Documents/fnirs/simple/sessions/Sessions 21-11-25/PID022/2025-11-21_002/2025-11-21_002_config.hdr,False,True,2025-11-21,True,246,4554.817536000001,,False,
PID023,2025-11-21_003,/home/thiago/Documents/fnirs/simple/sessions/Sessions 21-11-25/PID023/2025-11-21_003,True,/home/thiago/Documents/fnirs/simple/sessions/Sessions 21-11-25/PID023/2025-11-21_003/2025-11-21_003.snirf,,/home/thiago/Documents/fnirs/simple/sessions/Sessions 21-11-25/PID023/enem_blocks_PID023_20251121_144341.csv,2025-11-21T15:58:06,/home/thiago/Documents/fnirs/simple/sessions/Sessions 21-11-25/PID023/2025-11-21_003/2025-11-21_003.snirf,,/home/thiago/Documents/fnirs/simple/sessions/Sessions 21-11-25/PID023/2025-11-21_003/2025-11-21_003_probeInfo.json;/home/thiago/Documents/fnirs/simple/sessions/Sessions 21-11-25/PID023/2025-11-21_003/2025-11-21_003_config.json;/home/thiago/Documents/fnirs/simple/sessions/Sessions 21-11-25/PID023/2025-11-21_003/2025-11-21_003_description.json;/home/thiago/Documents/fnirs/simple/sessions/Sessions 21-11-25/PID023/2025-11-21_003/2025-11-21_003_calibration.json;/home/thiago/Documents/fnirs/simple/sessions/Sessions 21-11-25/PID023/2025-11-21_003/digpts.txt;/home/thiago/Documents/fnirs/simple/sessions/Sessions 21-11-25/PID023/2025-11-21_003/2025-11-21_003_config.hdr,False,True,2025-11-21,True,245,4485.611520000001,,False,
PID024,2025-11-25_001,/home/thiago/Documents/fnirs/simple/sessions/Sessions 25-11-25/PID24/2025-11-25_001,True,/home/thiago/Documents/fnirs/simple/sessions/Sessions 25-11-25/PID24/2025-11-25_001/2025-11-25_001.snirf,,/home/thiago/Documents/fnirs/simple/sessions/Sessions 25-11-25/PID24/enem_blocks_PID24_20251125_092800.csv,2025-11-25T10:43:28,/home/thiago/Documents/fnirs/simple/sessions/Sessions 25-11-25/PID24/2025-11-25_001/2025-11-25_001.snirf,,/home/thiago/Documents/fnirs/simple/sessions/Sessions 25-11-25/PID24/2025-11-25_001/2025-11-25_001_probeInfo.json;/home/thiago/Documents/fnirs/simple/sessions/Sessions 25-11-25/PID24/2025-11-25_001/2025-11-25_001_config.json;/home/thiago/Documents/fnirs/simple/sessions/Sessions 25-11-25/PID24/2025-11-25_001/2025-11-25_001_description.json;/home/thiago/Documents/fnirs/simple/sessions/Sessions 25-11-25/PID24/2025-11-25_001/2025-11-25_001_calibration.json;/home/thiago/Documents/fnirs/simple/sessions/Sessions 25-11-25/PID24/2025-11-25_001/digpts.txt;/home/thiago/Documents/fnirs/simple/sessions/Sessions 25-11-25/PID24/2025-11-25_001/2025-11-25_001_config.hdr,False,True,2025-11-25,True,246,4560.322560000001,,False,
PID025,2025-11-25_002,/home/thiago/Documents/fnirs/simple/sessions/Sessions 25-11-25/PID25/2025-11-25_002,True,/home/thiago/Documents/fnirs/simple/sessions/Sessions 25-11-25/PID25/2025-11-25_002/2025-11-25_002.snirf,,/home/thiago/Documents/fnirs/simple/sessions/Sessions 25-11-25/PID25/enem_blocks_PID25_20251125_120604.csv,2025-11-25T13:22:34,/home/thiago/Documents/fnirs/simple/sessions/Sessions 25-11-25/PID25/2025-11-25_002/2025-11-25_002.snirf,,/home/thiago/Documents/fnirs/simple/sessions/Sessions 25-11-25/PID25/2025-11-25_002/2025-11-25_002_probeInfo.json;/home/thiago/Documents/fnirs/simple/sessions/Sessions 25-11-25/PID25/2025-11-25_002/2025-11-25_002_config.json;/home/thiago/Documents/fnirs/simple/sessions/Sessions 25-11-25/PID25/2025-11-25_002/2025-11-25_002_description.json;/home/thiago/Documents/fnirs/simple/sessions/Sessions 25-11-25/PID25/2025-11-25_002/2025-11-25_002_calibration.json;/home/thiago/Documents/fnirs/simple/sessions/Sessions 25-11-25/PID25/2025-11-25_002/digpts.txt;/home/thiago/Documents/fnirs/simple/sessions/Sessions 25-11-25/PID25/2025-11-25_002/2025-11-25_002_config.hdr,False,True,2025-11-25,True,244,4620.582912,,False,
PID026,2025-11-25_003,/home/thiago/Documents/fnirs/simple/sessions/Sessions 25-11-25/PID26/2025-11-25_003,True,/home/thiago/Documents/fnirs/simple/sessions/Sessions 25-11-25/PID26/2025-11-25_003/2025-11-25_003.snirf,,/home/thiago/Documents/fnirs/simple/sessions/Sessions 25-11-25/PID26/enem_blocks_PID26_20251125_142157.csv,2025-11-25T15:34:26,/home/thiago/Documents/fnirs/simple/sessions/Sessions 25-11-25/PID26/2025-11-25_003/2025-11-25_003.snirf,,/home/thiago/Documents/fnirs/simple/sessions/Sessions 25-11-25/PID26/2025-11-25_003/2025-11-25_003_probeInfo.json;/home/thiago/Documents/fnirs/simple/sessions/Sessions 25-11-25/PID26/2025-11-25_003/2025-11-25_003_config.json;/home/thiago/Documents/fnirs/simple/sessions/Sessions 25-11-25/PID26/2025-11-25_003/2025-11-25_003_description.json;/home/thiago/Documents/fnirs/simple/sessions/Sessions 25-11-25/PID26/2025-11-25_003/2025-11-25_003_calibration.json;/home/thiago/Documents/fnirs/simple/sessions/Sessions 25-11-25/PID26/2025-11-25_003/digpts.txt;/home/thiago/Documents/fnirs/simple/sessions/Sessions 25-11-25/PID26/2025-11-25_003/2025-11-25_003_config.hdr,False,True,2025-11-25,True,246,4373.250048000001,,False,
PID027,2025-11-25_004,/home/thiago/Documents/fnirs/simple/sessions/Sessions 25-11-25/PID27/2025-11-25_004,True,/home/thiago/Documents/fnirs/simple/sessions/Sessions 25-11-25/PID27/2025-11-25_004/2025-11-25_004.snirf,,/home/thiago/Documents/fnirs/simple/sessions/Sessions 25-11-25/PID27/enem_blocks_PID27_20251125_162020.csv,2025-11-25T17:35:34,/home/thiago/Documents/fnirs/simple/sessions/Sessions 25-11-25/PID27/2025-11-25_004/2025-11-25_004.snirf,,/home/thiago/Documents/fnirs/simple/sessions/Sessions 25-11-25/PID27/2025-11-25_004/2025-11-25_004_probeInfo.json;/home/thiago/Documents/fnirs/simple/sessions/Sessions 25-11-25/PID27/2025-11-25_004/2025-11-25_004_config.json;/home/thiago/Documents/fnirs/simple/sessions/Sessions 25-11-25/PID27/2025-11-25_004/2025-11-25_004_description.json;/home/thiago/Documents/fnirs/simple/sessions/Sessions 25-11-25/PID27/2025-11-25_004/2025-11-25_004_calibration.json;/home/thiago/Documents/fnirs/simple/sessions/Sessions 25-11-25/PID27/2025-11-25_004/digpts.txt;/home/thiago/Documents/fnirs/simple/sessions/Sessions 25-11-25/PID27/2025-11-25_004/2025-11-25_004_config.hdr,False,True,2025-11-25,True,246,4539.580416000001,,False,
PID028,2025-11-26_001,/home/thiago/Documents/fnirs/simple/sessions/Sessions 26-11-25/PID028/2025-11-26_001,True,/home/thiago/Documents/fnirs/simple/sessions/Sessions 26-11-25/PID028/2025-11-26_001/2025-11-26_001.snirf,,/home/thiago/Documents/fnirs/simple/sessions/Sessions 26-11-25/PID028/enem_blocks_PID028_20251126_101725.csv,2025-11-26T11:37:44,/home/thiago/Documents/fnirs/simple/sessions/Sessions 26-11-25/PID028/2025-11-26_001/2025-11-26_001.snirf,,/home/thiago/Documents/fnirs/simple/sessions/Sessions 26-11-25/PID028/2025-11-26_001/2025-11-26_001_probeInfo.json;/home/thiago/Documents/fnirs/simple/sessions/Sessions 26-11-25/PID028/2025-11-26_001/2025-11-26_001_config.json;/home/thiago/Documents/fnirs/simple/sessions/Sessions 26-11-25/PID028/2025-11-26_001/2025-11-26_001_description.json;/home/thiago/Documents/fnirs/simple/sessions/Sessions 26-11-25/PID028/2025-11-26_001/2025-11-26_001_calibration.json;/home/thiago/Documents/fnirs/simple/sessions/Sessions 26-11-25/PID028/2025-11-26_001/digpts.txt;/home/thiago/Documents/fnirs/simple/sessions/Sessions 26-11-25/PID028/2025-11-26_001/2025-11-26_001_config.hdr,False,True,2025-11-26,True,246,4864.278528000001,,False,
PID029,2025-11-26_001(PID029),/home/thiago/Documents/fnirs/simple/sessions/Sessions 26-11-25/PID029/2025-11-26_001(PID029),True,/home/thiago/Documents/fnirs/simple/sessions/Sessions 26-11-25/PID029/2025-11-26_001(PID029)/2025-11-26_001.snirf,,/home/thiago/Documents/fnirs/simple/sessions/Sessions 26-11-25/PID029/enem_blocks_PID029_20251126_122029.csv,2025-11-26T13:36:06,/home/thiago/Documents/fnirs/simple/sessions/Sessions 26-11-25/PID029/2025-11-26_001(PID029)/2025-11-26_001.snirf,,/home/thiago/Documents/fnirs/simple/sessions/Sessions 26-11-25/PID029/2025-11-26_001(PID029)/2025-11-26_001_probeInfo.json;/home/thiago/Documents/fnirs/simple/sessions/Sessions 26-11-25/PID029/2025-11-26_001(PID029)/2025-11-26_001_config.json;/home/thiago/Documents/fnirs/simple/sessions/Sessions 26-11-25/PID029/2025-11-26_001(PID029)/2025-11-26_001_description.json;/home/thiago/Documents/fnirs/simple/sessions/Sessions 26-11-25/PID029/2025-11-26_001(PID029)/2025-11-26_001_calibration.json;/home/thiago/Documents/fnirs/simple/sessions/Sessions 26-11-25/PID029/2025-11-26_001(PID029)/digpts.txt;/home/thiago/Documents/fnirs/simple/sessions/Sessions 26-11-25/PID029/2025-11-26_001(PID029)/2025-11-26_001_config.hdr,False,True,2025-11-26,True,246,4566.7123200000015,,False,
PID030,2025-11-26_001(PID030),/home/thiago/Documents/fnirs/simple/sessions/Sessions 26-11-25/PID030/2025-11-26_001(PID030),True,/home/thiago/Documents/fnirs/simple/sessions/Sessions 26-11-25/PID030/2025-11-26_001(PID030)/2025-11-26_001.snirf,,/home/thiago/Documents/fnirs/simple/sessions/Sessions 26-11-25/PID030/enem_blocks_ PID030_20251126_140643.csv,2025-11-26T15:22:36,/home/thiago/Documents/fnirs/simple/sessions/Sessions 26-11-25/PID030/2025-11-26_001(PID030)/2025-11-26_001.snirf,,/home/thiago/Documents/fnirs/simple/sessions/Sessions 26-11-25/PID030/2025-11-26_001(PID030)/2025-11-26_001_probeInfo.json;/home/thiago/Documents/fnirs/simple/sessions/Sessions 26-11-25/PID030/2025-11-26_001(PID030)/2025-11-26_001_config.json;/home/thiago/Documents/fnirs/simple/sessions/Sessions 26-11-25/PID030/2025-11-26_001(PID030)/2025-11-26_001_description.json;/home/thiago/Documents/fnirs/simple/sessions/Sessions 26-11-25/PID030/2025-11-26_001(PID030)/2025-11-26_001_calibration.json;/home/thiago/Documents/fnirs/simple/sessions/Sessions 26-11-25/PID030/2025-11-26_001(PID030)/digpts.txt;/home/thiago/Documents/fnirs/simple/sessions/Sessions 26-11-25/PID030/2025-11-26_001(PID030)/2025-11-26_001_config.hdr,False,True,2025-11-26,True,246,4581.064704000001,,False,
PID031,2025-11-26_002(PID031),/home/thiago/Documents/fnirs/simple/sessions/Sessions 26-11-25/PID031/2025-11-26_002(PID031),True,/home/thiago/Documents/fnirs/simple/sessions/Sessions 26-11-25/PID031/2025-11-26_002(PID031)/2025-11-26_002.snirf,,/home/thiago/Documents/fnirs/simple/sessions/Sessions 26-11-25/PID031/enem_blocks_PID031_20251126_161805.csv,2025-11-26T17:36:24,/home/thiago/Documents/fnirs/simple/sessions/Sessions 26-11-25/PID031/2025-11-26_002(PID031)/2025-11-26_002.snirf,,/home/thiago/Documents/fnirs/simple/sessions/Sessions 26-11-25/PID031/2025-11-26_002(PID031)/2025-11-26_002_probeInfo.json;/home/thiago/Documents/fnirs/simple/sessions/Sessions 26-11-25/PID031/2025-11-26_002(PID031)/2025-11-26_002_config.json;/home/thiago/Documents/fnirs/simple/sessions/Sessions 26-11-25/PID031/2025-11-26_002(PID031)/2025-11-26_002_description.json;/home/thiago/Documents/fnirs/simple/sessions/Sessions 26-11-25/PID031/2025-11-26_002(PID031)/2025-11-26_002_calibration.json;/home/thiago/Documents/fnirs/simple/sessions/Sessions 26-11-25/PID031/2025-11-26_002(PID031)/digpts.txt;/home/thiago/Documents/fnirs/simple/sessions/Sessions 26-11-25/PID031/2025-11-26_002(PID031)/2025-11-26_002_config.hdr,False,True,2025-11-26,True,245,4732.846080000001,,False,
PID032,2025-11-27_001,/home/thiago/Documents/fnirs/simple/sessions/Sessions 27-11-25/PID32/2025-11-27_001,True,/home/thiago/Documents/fnirs/simple/sessions/Sessions 27-11-25/PID32/2025-11-27_001/2025-11-27_001.snirf,,/home/thiago/Documents/fnirs/simple/sessions/Sessions 27-11-25/PID32/enem_blocks_PID32_20251127_120756.csv,2025-11-27T13:24:08,/home/thiago/Documents/fnirs/simple/sessions/Sessions 27-11-25/PID32/2025-11-27_001/2025-11-27_001.snirf,,/home/thiago/Documents/fnirs/simple/sessions/Sessions 27-11-25/PID32/2025-11-27_001/2025-11-27_001_probeInfo.json;/home/thiago/Documents/fnirs/simple/sessions/Sessions 27-11-25/PID32/2025-11-27_001/2025-11-27_001_config.json;/home/thiago/Documents/fnirs/simple/sessions/Sessions 27-11-25/PID32/2025-11-27_001/2025-11-27_001_description.json;/home/thiago/Documents/fnirs/simple/sessions/Sessions 27-11-25/PID32/2025-11-27_001/2025-11-27_001_calibration.json;/home/thiago/Documents/fnirs/simple/sessions/Sessions 27-11-25/PID32/2025-11-27_001/digpts.txt;/home/thiago/Documents/fnirs/simple/sessions/Sessions 27-11-25/PID32/2025-11-27_001/2025-11-27_001_config.hdr,False,True,2025-11-27,True,245,4600.332288000001,,False,
PID033,2025-11-27_002,/home/thiago/Documents/fnirs/simple/sessions/Sessions 27-11-25/PID33/2025-11-27_002,True,/home/thiago/Documents/fnirs/simple/sessions/Sessions 27-11-25/PID33/2025-11-27_002/2025-11-27_002.snirf,,/home/thiago/Documents/fnirs/simple/sessions/Sessions 27-11-25/PID33/enem_blocks_PID33_20251127_142019.csv,2025-11-27T15:34:34,/home/thiago/Documents/fnirs/simple/sessions/Sessions 27-11-25/PID33/2025-11-27_002/2025-11-27_002.snirf,,/home/thiago/Documents/fnirs/simple/sessions/Sessions 27-11-25/PID33/2025-11-27_002/2025-11-27_002_probeInfo.json;/home/thiago/Documents/fnirs/simple/sessions/Sessions 27-11-25/PID33/2025-11-27_002/2025-11-27_002_config.json;/home/thiago/Documents/fnirs/simple/sessions/Sessions 27-11-25/PID33/2025-11-27_002/2025-11-27_002_description.json;/home/thiago/Documents/fnirs/simple/sessions/Sessions 27-11-25/PID33/2025-11-27_002/2025-11-27_002_calibration.json;/home/thiago/Documents/fnirs/simple/sessions/Sessions 27-11-25/PID33/2025-11-27_002/digpts.txt;/home/thiago/Documents/fnirs/simple/sessions/Sessions 27-11-25/PID33/2025-11-27_002/2025-11-27_002_config.hdr,False,True,2025-11-27,True,246,4476.665856000001,,False,
PID034,2025-11-27_003,/home/thiago/Documents/fnirs/simple/sessions/Sessions 27-11-25/PID34/2025-11-27_003,True,/home/thiago/Documents/fnirs/simple/sessions/Sessions 27-11-25/PID34/2025-11-27_003/2025-11-27_003.snirf,,/home/thiago/Documents/fnirs/simple/sessions/Sessions 27-11-25/PID34/enem_blocks_PID34_20251127_161957.csv,2025-11-27T17:39:10,/home/thiago/Documents/fnirs/simple/sessions/Sessions 27-11-25/PID34/2025-11-27_003/2025-11-27_003.snirf,,/home/thiago/Documents/fnirs/simple/sessions/Sessions 27-11-25/PID34/2025-11-27_003/2025-11-27_003_probeInfo.json;/home/thiago/Documents/fnirs/simple/sessions/Sessions 27-11-25/PID34/2025-11-27_003/2025-11-27_003_config.json;/home/thiago/Documents/fnirs/simple/sessions/Sessions 27-11-25/PID34/2025-11-27_003/2025-11-27_003_description.json;/home/thiago/Documents/fnirs/simple/sessions/Sessions 27-11-25/PID34/2025-11-27_003/2025-11-27_003_calibration.json;/home/thiago/Documents/fnirs/simple/sessions/Sessions 27-11-25/PID34/2025-11-27_003/digpts.txt;/home/thiago/Documents/fnirs/simple/sessions/Sessions 27-11-25/PID34/2025-11-27_003/2025-11-27_003_config.hdr,False,True,2025-11-27,True,243,4770.791424000001,,False,
PID035,2025-11-28_001,/home/thiago/Documents/fnirs/simple/sessions/Sessions 28-11-25/PID035/2025-11-28_001,True,/home/thiago/Documents/fnirs/simple/sessions/Sessions 28-11-25/PID035/2025-11-28_001/2025-11-28_001.snirf,,/home/thiago/Documents/fnirs/simple/sessions/Sessions 28-11-25/PID035/enem_blocks_PID035_20251128_102111.csv,2025-11-28T11:36:54,/home/thiago/Documents/fnirs/simple/sessions/Sessions 28-11-25/PID035/2025-11-28_001/2025-11-28_001.snirf,,/home/thiago/Documents/fnirs/simple/sessions/Sessions 28-11-25/PID035/2025-11-28_001/2025-11-28_001_probeInfo.json;/home/thiago/Documents/fnirs/simple/sessions/Sessions 28-11-25/PID035/2025-11-28_001/2025-11-28_001_config.json;/home/thiago/Documents/fnirs/simple/sessions/Sessions 28-11-25/PID035/2025-11-28_001/2025-11-28_001_description.json;/home/thiago/Documents/fnirs/simple/sessions/Sessions 28-11-25/PID035/2025-11-28_001/2025-11-28_001_calibration.json;/home/thiago/Documents/fnirs/simple/sessions/Sessions 28-11-25/PID035/2025-11-28_001/digpts.txt;/home/thiago/Documents/fnirs/simple/sessions/Sessions 28-11-25/PID035/2025-11-28_001/2025-11-28_001_config.hdr,False,True,2025-11-28,True,245,4580.769792000001,,False,
PID036,2025-11-28_002,/home/thiago/Documents/fnirs/simple/sessions/Sessions 28-11-25/PID036/2025-11-28_002,True,/home/thiago/Documents/fnirs/simple/sessions/Sessions 28-11-25/PID036/2025-11-28_002/2025-11-28_002.snirf,,/home/thiago/Documents/fnirs/simple/sessions/Sessions 28-11-25/PID036/enem_blocks_PID036_20251128_122743.csv,2025-11-28T13:43:28,/home/thiago/Documents/fnirs/simple/sessions/Sessions 28-11-25/PID036/2025-11-28_002/2025-11-28_002.snirf,,/home/thiago/Documents/fnirs/simple/sessions/Sessions 28-11-25/PID036/2025-11-28_002/2025-11-28_002_probeInfo.json;/home/thiago/Documents/fnirs/simple/sessions/Sessions 28-11-25/PID036/2025-11-28_002/2025-11-28_002_config.json;/home/thiago/Documents/fnirs/simple/sessions/Sessions 28-11-25/PID036/2025-11-28_002/2025-11-28_002_description.json;/home/thiago/Documents/fnirs/simple/sessions/Sessions 28-11-25/PID036/2025-11-28_002/2025-11-28_002_calibration.json;/home/thiago/Documents/fnirs/simple/sessions/Sessions 28-11-25/PID036/2025-11-28_002/digpts.txt;/home/thiago/Documents/fnirs/simple/sessions/Sessions 28-11-25/PID036/2025-11-28_002/2025-11-28_002_config.hdr,False,True,2025-11-28,True,243,4566.024192,,False,
PID038,2025-11-28_003,/home/thiago/Documents/fnirs/simple/sessions/Sessions 28-11-25/PID038/2025-11-28_003,True,/home/thiago/Documents/fnirs/simple/sessions/Sessions 28-11-25/PID038/2025-11-28_003/2025-11-28_003.snirf,,/home/thiago/Documents/fnirs/simple/sessions/Sessions 28-11-25/PID038/enem_blocks_PID038_20251128_154223.csv,2025-11-28T16:58:12,/home/thiago/Documents/fnirs/simple/sessions/Sessions 28-11-25/PID038/2025-11-28_003/2025-11-28_003.snirf,,/home/thiago/Documents/fnirs/simple/sessions/Sessions 28-11-25/PID038/2025-11-28_003/2025-11-28_003_probeInfo.json;/home/thiago/Documents/fnirs/simple/sessions/Sessions 28-11-25/PID038/2025-11-28_003/2025-11-28_003_config.json;/home/thiago/Documents/fnirs/simple/sessions/Sessions 28-11-25/PID038/2025-11-28_003/2025-11-28_003_description.json;/home/thiago/Documents/fnirs/simple/sessions/Sessions 28-11-25/PID038/2025-11-28_003/2025-11-28_003_calibration.json;/home/thiago/Documents/fnirs/simple/sessions/Sessions 28-11-25/PID038/2025-11-28_003/digpts.txt;/home/thiago/Documents/fnirs/simple/sessions/Sessions 28-11-25/PID038/2025-11-28_003/2025-11-28_003_config.hdr,False,True,2025-11-28,True,246,4594.139136000001,,False,
