concrete_question_id,abstract_question_id,word_count_difference,enem_correctness_difference,z_log_total_word_count_difference,z_enem_correctness_difference,matching_distance,matched_pair_flag,matched_pair_rule
2017_CH_47,2019_CH_56,-10.0,0.1353068115443753,-0.3593025331180167,1.0262013308849318,1.3855038640029484,False,|z(log word count difference)| <= 0.5 and |z(ENEM correctness difference)| <= 0.5
2017_CH_47,2019_CH_64,-45.0,-0.076327217479358,-1.3112226600808086,-0.5788850632576807,1.8901077233384893,False,|z(log word count difference)| <= 0.5 and |z(ENEM correctness difference)| <= 0.5
2017_CH_47,2019_CH_65,-26.0,0.18461546601473555,-0.8414843903557985,1.4001707287598786,2.241655119115677,False,|z(log word count difference)| <= 0.5 and |z(ENEM correctness difference)| <= 0.5
2017_CH_47,2020_CH_76,-16.0,0.21220023902125895,-0.5516332635990202,1.6093806750172353,2.1610139386162555,False,|z(log word count difference)| <= 0.5 and |z(ENEM correctness difference)| <= 0.5
2017_CH_47,2020_CH_77,-17.0,0.23502237224128025,-0.5822432492504609,1.7824695477554582,2.364712797005919,False,|z(log word count difference)| <= 0.5 and |z(ENEM correctness difference)| <= 0.5
2017_CH_47,2020_LC_31,-65.0,0.08002142295143949,-1.7229710721271785,0.6069028587311123,2.329873930858291,False,|z(log word count difference)| <= 0.5 and |z(ENEM correctness difference)| <= 0.5
2017_CH_47,2021_CH_51,6.0,0.058901186335785394,0.24456868734124565,0.44672160343280964,0.6912902907740552,True,|z(log word count difference)| <= 0.5 and |z(ENEM correctness difference)| <= 0.5
2017_CH_47,2021_CH_57,18.0,0.22367155439279496,0.8240452680320376,1.6963820533433391,2.5204273213753767,False,|z(log word count difference)| <= 0.5 and |z(ENEM correctness difference)| <= 0.5
2017_CH_47,2021_CH_65,-8.0,-0.1586839962731572,-0.29161210256194936,-1.2034998556761338,1.4951119582380832,False,|z(log word count difference)| <= 0.5 and |z(ENEM correctness difference)| <= 0.5
2017_CH_47,2021_CH_83,-58.0,0.09316941972601944,-1.5867405874132454,0.7066206159862208,2.293361203399466,False,|z(log word count difference)| <= 0.5 and |z(ENEM correctness difference)| <= 0.5
2017_CH_47,2021_CH_86,2.0,-0.027924565943499347,0.0787890709745897,-0.211787022460469,0.2905760934350587,True,|z(log word count difference)| <= 0.5 and |z(ENEM correctness difference)| <= 0.5
2017_CH_47,2022_CH_47,-52.0,0.054249733630595265,-1.4634904242806914,0.4114438010654916,1.8749342253461831,False,|z(log word count difference)| <= 0.5 and |z(ENEM correctness difference)| <= 0.5
2017_CH_47,2022_CH_51,-29.0,0.27353283058911426,-0.9220344371355571,2.074542675179462,2.996577112315019,False,|z(log word count difference)| <= 0.5 and |z(ENEM correctness difference)| <= 0.5
2017_CH_47,2022_CH_60,-27.0,0.07506115398312718,-0.8686355422753864,0.5692829151471197,1.4379184574225061,False,|z(log word count difference)| <= 0.5 and |z(ENEM correctness difference)| <= 0.5
2017_CH_47,2022_CH_71,3.0,0.08384917657204699,0.11917407839156008,0.6359335173870425,0.7551075957786026,False,|z(log word count difference)| <= 0.5 and |z(ENEM correctness difference)| <= 0.5
2017_CH_68,2019_CH_56,-23.0,-0.18568025678910358,-0.9247273113147602,-1.4082463732695574,2.3329736845843176,False,|z(log word count difference)| <= 0.5 and |z(ENEM correctness difference)| <= 0.5
2017_CH_68,2019_CH_64,-58.0,-0.3973142858128369,-1.876647438277552,-3.01333276741217,4.889980205689722,False,|z(log word count difference)| <= 0.5 and |z(ENEM correctness difference)| <= 0.5
2017_CH_68,2019_CH_65,-39.0,-0.13637160231874332,-1.4069091685525419,-1.0342769753946106,2.4411861439471525,False,|z(log word count difference)| <= 0.5 and |z(ENEM correctness difference)| <= 0.5
2017_CH_68,2020_CH_76,-29.0,-0.10878682931221992,-1.1170580417957636,-0.8250670291372538,1.9421250709330176,False,|z(log word count difference)| <= 0.5 and |z(ENEM correctness difference)| <= 0.5
2017_CH_68,2020_CH_77,-30.0,-0.08596469609219862,-1.1476680274472044,-0.651978156399031,1.7996461838462354,False,|z(log word count difference)| <= 0.5 and |z(ENEM correctness difference)| <= 0.5
2017_CH_68,2020_LC_31,-78.0,-0.24096564538203938,-2.288395850323922,-1.827544845423377,4.115940695747299,False,|z(log word count difference)| <= 0.5 and |z(ENEM correctness difference)| <= 0.5
2017_CH_68,2021_CH_51,-7.0,-0.26208588199769345,-0.3208560908554978,-1.9877261007216795,2.3085821915771776,False,|z(log word count difference)| <= 0.5 and |z(ENEM correctness difference)| <= 0.5
2017_CH_68,2021_CH_57,5.0,-0.09731551394068391,0.2586204898352942,-0.73806565081115,0.9966861406464442,False,|z(log word count difference)| <= 0.5 and |z(ENEM correctness difference)| <= 0.5
2017_CH_68,2021_CH_65,-21.0,-0.4796710646066361,-0.8570368807586929,-3.6379475598306232,4.494984440589316,False,|z(log word count difference)| <= 0.5 and |z(ENEM correctness difference)| <= 0.5
2017_CH_68,2021_CH_83,-71.0,-0.22781764860745943,-2.1521653656099886,-1.7278270881682682,3.879992453778257,False,|z(log word count difference)| <= 0.5 and |z(ENEM correctness difference)| <= 0.5
2017_CH_68,2021_CH_86,-11.0,-0.34891163427697824,-0.48663570722215377,-2.646234726614958,3.132870433837112,False,|z(log word count difference)| <= 0.5 and |z(ENEM correctness difference)| <= 0.5
2017_CH_68,2022_CH_47,-65.0,-0.26673733470288363,-2.028915202477435,-2.0230039030889975,4.051919105566432,False,|z(log word count difference)| <= 0.5 and |z(ENEM correctness difference)| <= 0.5
2017_CH_68,2022_CH_51,-42.0,-0.04745423774436461,-1.4874592153323007,-0.3599050289750273,1.847364244307328,False,|z(log word count difference)| <= 0.5 and |z(ENEM correctness difference)| <= 0.5
2017_CH_68,2022_CH_60,-40.0,-0.2459259143503517,-1.4340603204721298,-1.8651647890073695,3.299225109479499,False,|z(log word count difference)| <= 0.5 and |z(ENEM correctness difference)| <= 0.5
2017_CH_68,2022_CH_71,-10.0,-0.23713789176143188,-0.4462506998051834,-1.7985141867674468,2.2447648865726304,False,|z(log word count difference)| <= 0.5 and |z(ENEM correctness difference)| <= 0.5
2017_CH_69,2019_CH_56,-10.0,-0.10863356225935866,-0.3593025331180167,-0.8239046127604887,1.1832071458785054,False,|z(log word count difference)| <= 0.5 and |z(ENEM correctness difference)| <= 0.5
2017_CH_69,2019_CH_64,-45.0,-0.32026759128309196,-1.3112226600808086,-2.428991006903101,3.7402136669839097,False,|z(log word count difference)| <= 0.5 and |z(ENEM correctness difference)| <= 0.5
2017_CH_69,2019_CH_65,-26.0,-0.059324907788998404,-0.8414843903557985,-0.44993521488554195,1.2914196052413405,False,|z(log word count difference)| <= 0.5 and |z(ENEM correctness difference)| <= 0.5
2017_CH_69,2020_CH_76,-16.0,-0.031740134782475005,-0.5516332635990202,-0.2407252686281851,0.7923585322272053,False,|z(log word count difference)| <= 0.5 and |z(ENEM correctness difference)| <= 0.5
2017_CH_69,2020_CH_77,-17.0,-0.008918001562453703,-0.5822432492504609,-0.06763639588996229,0.6498796451404232,False,|z(log word count difference)| <= 0.5 and |z(ENEM correctness difference)| <= 0.5
2017_CH_69,2020_LC_31,-65.0,-0.16391895085229446,-1.7229710721271785,-1.243203084914308,2.9661741570414866,False,|z(log word count difference)| <= 0.5 and |z(ENEM correctness difference)| <= 0.5
2017_CH_69,2021_CH_51,6.0,-0.18503918746794856,0.24456868734124565,-1.403384340212611,1.6479530275538565,False,|z(log word count difference)| <= 0.5 and |z(ENEM correctness difference)| <= 0.5
2017_CH_69,2021_CH_57,18.0,-0.020268819410939,0.8240452680320376,-0.15372389030208133,0.9777691583341189,False,|z(log word count difference)| <= 0.5 and |z(ENEM correctness difference)| <= 0.5
2017_CH_69,2021_CH_65,-8.0,-0.40262437007689117,-0.29161210256194936,-3.0536057993215544,3.3452179018835038,False,|z(log word count difference)| <= 0.5 and |z(ENEM correctness difference)| <= 0.5
2017_CH_69,2021_CH_83,-58.0,-0.15077095407771451,-1.5867405874132454,-1.1434853276591996,2.7302259150724453,False,|z(log word count difference)| <= 0.5 and |z(ENEM correctness difference)| <= 0.5
2017_CH_69,2021_CH_86,2.0,-0.2718649397472333,0.0787890709745897,-2.0618929661058893,2.140682037080479,False,|z(log word count difference)| <= 0.5 and |z(ENEM correctness difference)| <= 0.5
2017_CH_69,2022_CH_47,-52.0,-0.1896906401731387,-1.4634904242806914,-1.4386621425799289,2.9021525668606203,False,|z(log word count difference)| <= 0.5 and |z(ENEM correctness difference)| <= 0.5
2017_CH_69,2022_CH_51,-29.0,0.029592456785380306,-0.9220344371355571,0.22443673153404142,1.1464711686695985,False,|z(log word count difference)| <= 0.5 and |z(ENEM correctness difference)| <= 0.5
2017_CH_69,2022_CH_60,-27.0,-0.16887921982060677,-0.8686355422753864,-1.2808230284983009,2.149458570773687,False,|z(log word count difference)| <= 0.5 and |z(ENEM correctness difference)| <= 0.5
2017_CH_69,2022_CH_71,3.0,-0.16009119723168697,0.11917407839156008,-1.214172426258378,1.333346504649938,False,|z(log word count difference)| <= 0.5 and |z(ENEM correctness difference)| <= 0.5
2017_CH_75,2019_CH_56,37.0,-0.19613696321052318,0.9964186464208361,-1.487552698825936,2.483971345246772,False,|z(log word count difference)| <= 0.5 and |z(ENEM correctness difference)| <= 0.5
2017_CH_75,2019_CH_64,2.0,-0.4077709922342565,0.04449851945804428,-3.0926390929685486,3.137137612426593,False,|z(log word count difference)| <= 0.5 and |z(ENEM correctness difference)| <= 0.5
2017_CH_75,2019_CH_65,21.0,-0.14682830874016292,0.5142367891830544,-1.1135833009509892,1.6278200901340436,False,|z(log word count difference)| <= 0.5 and |z(ENEM correctness difference)| <= 0.5
2017_CH_75,2020_CH_76,31.0,-0.11924353573363952,0.8040879159398326,-0.9043733546936324,1.7084612706334652,False,|z(log word count difference)| <= 0.5 and |z(ENEM correctness difference)| <= 0.5
2017_CH_75,2020_CH_77,30.0,-0.09642140251361822,0.773477930288392,-0.7312844819554096,1.5047624122438017,False,|z(log word count difference)| <= 0.5 and |z(ENEM correctness difference)| <= 0.5
2017_CH_75,2020_LC_31,-18.0,-0.25142235180345895,-0.36724989258832563,-1.9068511709797555,2.2741010635680814,False,|z(log word count difference)| <= 0.5 and |z(ENEM correctness difference)| <= 0.5
2017_CH_75,2021_CH_51,53.0,-0.27254258841911305,1.6002898668800984,-2.0670324262780584,3.667322293158157,False,|z(log word count difference)| <= 0.5 and |z(ENEM correctness difference)| <= 0.5
2017_CH_75,2021_CH_57,65.0,-0.10777222036210352,2.1797664475708904,-0.8173719763675287,2.997138423938419,False,|z(log word count difference)| <= 0.5 and |z(ENEM correctness difference)| <= 0.5
2017_CH_75,2021_CH_65,39.0,-0.4901277710280557,1.0641090769769035,-3.7172538853870014,4.781362962363905,False,|z(log word count difference)| <= 0.5 and |z(ENEM correctness difference)| <= 0.5
2017_CH_75,2021_CH_83,-11.0,-0.23827435502887903,-0.23101940787439257,-1.8071334137246469,2.0381528215990397,False,|z(log word count difference)| <= 0.5 and |z(ENEM correctness difference)| <= 0.5
2017_CH_75,2021_CH_86,49.0,-0.35936834069839785,1.4345102505134424,-2.725541052171337,4.16005130268478,False,|z(log word count difference)| <= 0.5 and |z(ENEM correctness difference)| <= 0.5
2017_CH_75,2022_CH_47,-5.0,-0.27719404112430324,-0.10776924474183858,-2.102310228645376,2.2100794733872147,False,|z(log word count difference)| <= 0.5 and |z(ENEM correctness difference)| <= 0.5
2017_CH_75,2022_CH_51,18.0,-0.05791094416578421,0.43368674240329563,-0.4392113545314059,0.8728980969347016,True,|z(log word count difference)| <= 0.5 and |z(ENEM correctness difference)| <= 0.5
2017_CH_75,2022_CH_60,20.0,-0.2563826207717713,0.48708563726346643,-1.944471114563748,2.4315567518272143,False,|z(log word count difference)| <= 0.5 and |z(ENEM correctness difference)| <= 0.5
2017_CH_75,2022_CH_71,50.0,-0.24759459818285148,1.4748952579304129,-1.8778205123238254,3.352715770254238,False,|z(log word count difference)| <= 0.5 and |z(ENEM correctness difference)| <= 0.5
2018_CH_77,2019_CH_56,-22.0,-0.18222784878019777,-0.8761832081852119,-1.3820624313596186,2.2582456395448305,False,|z(log word count difference)| <= 0.5 and |z(ENEM correctness difference)| <= 0.5
2018_CH_77,2019_CH_64,-57.0,-0.39386187780393106,-1.8281033351480036,-2.9871488255022314,4.815252160650235,False,|z(log word count difference)| <= 0.5 and |z(ENEM correctness difference)| <= 0.5
2018_CH_77,2019_CH_65,-38.0,-0.1329191943098375,-1.3583650654229937,-1.0080930334846718,2.366458098907666,False,|z(log word count difference)| <= 0.5 and |z(ENEM correctness difference)| <= 0.5
2018_CH_77,2020_CH_76,-28.0,-0.10533442130331411,-1.0685139386662155,-0.798883087227315,1.8673970258935304,False,|z(log word count difference)| <= 0.5 and |z(ENEM correctness difference)| <= 0.5
2018_CH_77,2020_CH_77,-29.0,-0.0825122880832928,-1.099123924317656,-0.6257942144890922,1.7249181388067483,False,|z(log word count difference)| <= 0.5 and |z(ENEM correctness difference)| <= 0.5
2018_CH_77,2020_LC_31,-77.0,-0.23751323737313357,-2.2398517471943737,-1.8013609035134381,4.041212650707812,False,|z(log word count difference)| <= 0.5 and |z(ENEM correctness difference)| <= 0.5
2018_CH_77,2021_CH_51,-6.0,-0.25863347398878767,-0.27231198772594956,-1.9615421588117408,2.2338541465376904,False,|z(log word count difference)| <= 0.5 and |z(ENEM correctness difference)| <= 0.5
2018_CH_77,2021_CH_57,6.0,-0.0938631059317781,0.30716459296484244,-0.7118817089012113,1.0190463018660538,False,|z(log word count difference)| <= 0.5 and |z(ENEM correctness difference)| <= 0.5
2018_CH_77,2021_CH_65,-20.0,-0.47621865659773027,-0.8084927776291446,-3.6117636179206842,4.420256395549829,False,|z(log word count difference)| <= 0.5 and |z(ENEM correctness difference)| <= 0.5
2018_CH_77,2021_CH_83,-70.0,-0.22436524059855362,-2.1036212624804405,-1.7016431462583297,3.80526440873877,False,|z(log word count difference)| <= 0.5 and |z(ENEM correctness difference)| <= 0.5
2018_CH_77,2021_CH_86,-10.0,-0.3454592262680724,-0.4380916040926055,-2.620050784705019,3.0581423887976245,False,|z(log word count difference)| <= 0.5 and |z(ENEM correctness difference)| <= 0.5
2018_CH_77,2022_CH_47,-64.0,-0.2632849266939778,-1.9803710993478867,-1.996819961179059,3.9771910605269456,False,|z(log word count difference)| <= 0.5 and |z(ENEM correctness difference)| <= 0.5
2018_CH_77,2022_CH_51,-41.0,-0.0440018297354588,-1.4389151122027524,-0.3337210870650885,1.7726361992678408,False,|z(log word count difference)| <= 0.5 and |z(ENEM correctness difference)| <= 0.5
2018_CH_77,2022_CH_60,-39.0,-0.24247350634144588,-1.3855162173425817,-1.8389808470974307,3.2244970644400124,False,|z(log word count difference)| <= 0.5 and |z(ENEM correctness difference)| <= 0.5
2018_CH_77,2022_CH_71,-9.0,-0.23368548375252607,-0.3977065966756351,-1.7723302448575078,2.170036841533143,False,|z(log word count difference)| <= 0.5 and |z(ENEM correctness difference)| <= 0.5
2018_LC_44,2019_CH_56,60.0,-0.09746275371505919,1.4564542512335812,-0.7391823547723066,2.1956366060058876,False,|z(log word count difference)| <= 0.5 and |z(ENEM correctness difference)| <= 0.5
2018_LC_44,2019_CH_64,25.0,-0.3090967827387925,0.5045341242707893,-2.344268748914919,2.8488028731857082,False,|z(log word count difference)| <= 0.5 and |z(ENEM correctness difference)| <= 0.5
2018_LC_44,2019_CH_65,44.0,-0.048154099244698934,0.9742723939957993,-0.36521295689735994,1.3394853508931592,False,|z(log word count difference)| <= 0.5 and |z(ENEM correctness difference)| <= 0.5
2018_LC_44,2020_CH_76,54.0,-0.020569326238175534,1.2641235207525776,-0.1560030106400031,1.4201265313925808,False,|z(log word count difference)| <= 0.5 and |z(ENEM correctness difference)| <= 0.5
2018_LC_44,2020_CH_77,53.0,0.0022528069818457674,1.2335135351011368,0.017085862098219717,1.2505993971993565,False,|z(log word count difference)| <= 0.5 and |z(ENEM correctness difference)| <= 0.5
2018_LC_44,2020_LC_31,5.0,-0.152748142307995,0.09278571222441934,-1.1584808269261262,1.2512665391505455,False,|z(log word count difference)| <= 0.5 and |z(ENEM correctness difference)| <= 0.5
2018_LC_44,2021_CH_51,76.0,-0.1738683789236491,2.0603254716928436,-1.3186620822244288,3.3789875539172725,False,|z(log word count difference)| <= 0.5 and |z(ENEM correctness difference)| <= 0.5
2018_LC_44,2021_CH_57,88.0,-0.009098010866639528,2.6398020523836356,-0.06900163231389933,2.7088036846975347,False,|z(log word count difference)| <= 0.5 and |z(ENEM correctness difference)| <= 0.5
2018_LC_44,2021_CH_65,62.0,-0.3914535615325917,1.5241446817896485,-2.9688835413333723,4.493028223123021,False,|z(log word count difference)| <= 0.5 and |z(ENEM correctness difference)| <= 0.5
2018_LC_44,2021_CH_83,12.0,-0.13960014553341504,0.2290161969383524,-1.0587630696710177,1.2877792666093701,False,|z(log word count difference)| <= 0.5 and |z(ENEM correctness difference)| <= 0.5
2018_LC_44,2021_CH_86,72.0,-0.26069413120293383,1.8945458553261876,-1.9771707081177075,3.8717165634438953,False,|z(log word count difference)| <= 0.5 and |z(ENEM correctness difference)| <= 0.5
2018_LC_44,2022_CH_47,18.0,-0.17851983162883922,0.3522663600709064,-1.353939884591747,1.7062062446626534,False,|z(log word count difference)| <= 0.5 and |z(ENEM correctness difference)| <= 0.5
2018_LC_44,2022_CH_51,41.0,0.040763265329679776,0.8937223472160406,0.3091589895222234,1.202881336738264,False,|z(log word count difference)| <= 0.5 and |z(ENEM correctness difference)| <= 0.5
2018_LC_44,2022_CH_60,43.0,-0.1577084112763073,0.9471212420762114,-1.1961007705101188,2.14322201258633,False,|z(log word count difference)| <= 0.5 and |z(ENEM correctness difference)| <= 0.5
2018_LC_44,2022_CH_71,73.0,-0.1489203886873875,1.9349308627431578,-1.1294501682701958,3.0643810310133537,False,|z(log word count difference)| <= 0.5 and |z(ENEM correctness difference)| <= 0.5
2020_CH_56,2019_CH_56,-43.0,0.09038952418166124,-2.1850816526613563,0.6855371799434914,2.8706188326048476,False,|z(log word count difference)| <= 0.5 and |z(ENEM correctness difference)| <= 0.5
2020_CH_56,2019_CH_64,-78.0,-0.12124450484207205,-3.137001779624148,-0.9195492141991212,4.05655099382327,False,|z(log word count difference)| <= 0.5 and |z(ENEM correctness difference)| <= 0.5
2020_CH_56,2019_CH_65,-59.0,0.1396981786520215,-2.667263509899138,1.059506577818438,3.7267700877175765,False,|z(log word count difference)| <= 0.5 and |z(ENEM correctness difference)| <= 0.5
2020_CH_56,2020_CH_76,-49.0,0.1672829516585449,-2.37741238314236,1.268716524075795,3.646128907218155,False,|z(log word count difference)| <= 0.5 and |z(ENEM correctness difference)| <= 0.5
2020_CH_56,2020_CH_77,-50.0,0.1901050848785662,-2.4080223687938007,1.4418053968140176,3.8498277656078184,False,|z(log word count difference)| <= 0.5 and |z(ENEM correctness difference)| <= 0.5
2020_CH_56,2020_LC_31,-98.0,0.03510413558872544,-3.548750191670518,0.2662387077896719,3.81498889946019,False,|z(log word count difference)| <= 0.5 and |z(ENEM correctness difference)| <= 0.5
2020_CH_56,2021_CH_51,-27.0,0.01398389897307134,-1.5812104322020941,0.10605745249136922,1.6872678846934632,False,|z(log word count difference)| <= 0.5 and |z(ENEM correctness difference)| <= 0.5
2020_CH_56,2021_CH_57,-15.0,0.1787542670300809,-1.0017338515113021,1.3557179024018988,2.357451753913201,False,|z(log word count difference)| <= 0.5 and |z(ENEM correctness difference)| <= 0.5
2020_CH_56,2021_CH_65,-41.0,-0.20360128363587127,-2.1173912221052893,-1.5441640066175744,3.6615552287228637,False,|z(log word count difference)| <= 0.5 and |z(ENEM correctness difference)| <= 0.5
2020_CH_56,2021_CH_83,-91.0,0.04825213236330539,-3.4125197069565854,0.3659564650447804,3.7784761720013655,False,|z(log word count difference)| <= 0.5 and |z(ENEM correctness difference)| <= 0.5
2020_CH_56,2021_CH_86,-31.0,-0.0728418533062134,-1.7469900485687502,-0.5524511734019094,2.2994412219706595,False,|z(log word count difference)| <= 0.5 and |z(ENEM correctness difference)| <= 0.5
2020_CH_56,2022_CH_47,-85.0,0.009332446267881211,-3.289269543824031,0.07077965012405119,3.3600491939480825,False,|z(log word count difference)| <= 0.5 and |z(ENEM correctness difference)| <= 0.5
2020_CH_56,2022_CH_51,-62.0,0.2286155432264002,-2.747813556678897,1.7338785242380215,4.481692080916918,False,|z(log word count difference)| <= 0.5 and |z(ENEM correctness difference)| <= 0.5
2020_CH_56,2022_CH_60,-60.0,0.03014386662041313,-2.694414661818726,0.22861876420567928,2.9230334260244053,False,|z(log word count difference)| <= 0.5 and |z(ENEM correctness difference)| <= 0.5
2020_CH_56,2022_CH_71,-30.0,0.03893188920933294,-1.7066050411517797,0.2952693664456021,2.0018744075973816,False,|z(log word count difference)| <= 0.5 and |z(ENEM correctness difference)| <= 0.5
2020_CH_59,2019_CH_56,-4.0,0.06564168871317921,-0.13734317349445901,0.49784329074155276,0.6351864642360118,True,|z(log word count difference)| <= 0.5 and |z(ENEM correctness difference)| <= 0.5
2020_CH_59,2019_CH_64,-39.0,-0.14599234031055408,-1.089263300457251,-1.1072431034010597,2.1965064038583106,False,|z(log word count difference)| <= 0.5 and |z(ENEM correctness difference)| <= 0.5
2020_CH_59,2019_CH_65,-20.0,0.11495034318353947,-0.6195250307322409,0.8718126886164994,1.4913377193487403,False,|z(log word count difference)| <= 0.5 and |z(ENEM correctness difference)| <= 0.5
2020_CH_59,2020_CH_76,-10.0,0.14253511619006287,-0.3296739039754625,1.0810226348738563,1.4106965388493187,False,|z(log word count difference)| <= 0.5 and |z(ENEM correctness difference)| <= 0.5
2020_CH_59,2020_CH_77,-11.0,0.16535724941008417,-0.36028388962690316,1.254111507612079,1.6143953972389822,False,|z(log word count difference)| <= 0.5 and |z(ENEM correctness difference)| <= 0.5
2020_CH_59,2020_LC_31,-59.0,0.010356300120243411,-1.5010117125036206,0.07854481858773327,1.579556531091354,False,|z(log word count difference)| <= 0.5 and |z(ENEM correctness difference)| <= 0.5
2020_CH_59,2021_CH_51,12.0,-0.010763936495410686,0.4665280469648033,-0.08163643671056942,0.5481644836753727,True,|z(log word count difference)| <= 0.5 and |z(ENEM correctness difference)| <= 0.5
2020_CH_59,2021_CH_57,24.0,0.15400643156159888,1.0460046276555954,1.1680240131999602,2.2140286408555556,False,|z(log word count difference)| <= 0.5 and |z(ENEM correctness difference)| <= 0.5
2020_CH_59,2021_CH_65,-2.0,-0.2283491191043533,-0.06965274293839172,-1.731857895819513,1.8015106387579047,False,|z(log word count difference)| <= 0.5 and |z(ENEM correctness difference)| <= 0.5
2020_CH_59,2021_CH_83,-52.0,0.023504296894823362,-1.3647812277896878,0.17826257584284178,1.5430438036325296,False,|z(log word count difference)| <= 0.5 and |z(ENEM correctness difference)| <= 0.5
2020_CH_59,2021_CH_86,8.0,-0.09758968877469543,0.3007484305981474,-0.740145062603848,1.0408934932019953,False,|z(log word count difference)| <= 0.5 and |z(ENEM correctness difference)| <= 0.5
2020_CH_59,2022_CH_47,-46.0,-0.015415389200600815,-1.2415310646571336,-0.11691423907788745,1.358445303735021,False,|z(log word count difference)| <= 0.5 and |z(ENEM correctness difference)| <= 0.5
2020_CH_59,2022_CH_51,-23.0,0.20386770775791818,-0.7000750775119995,1.5461846350360828,2.246259712548082,False,|z(log word count difference)| <= 0.5 and |z(ENEM correctness difference)| <= 0.5
2020_CH_59,2022_CH_60,-21.0,0.005396031151931102,-0.6466761826518287,0.040924875003740646,0.6876010576555693,False,|z(log word count difference)| <= 0.5 and |z(ENEM correctness difference)| <= 0.5
2020_CH_59,2022_CH_71,9.0,0.01418405374085091,0.34113343801511775,0.10757547724366345,0.4487089152587812,True,|z(log word count difference)| <= 0.5 and |z(ENEM correctness difference)| <= 0.5
2020_CH_70,2019_CH_56,-3.0,-0.14776168111507468,-0.10226442817929689,-1.12066223483771,1.2229266630170068,False,|z(log word count difference)| <= 0.5 and |z(ENEM correctness difference)| <= 0.5
2020_CH_70,2019_CH_64,-38.0,-0.359395710138808,-1.0541845551420888,-2.7257486289803223,3.7799331841224113,False,|z(log word count difference)| <= 0.5 and |z(ENEM correctness difference)| <= 0.5
2020_CH_70,2019_CH_65,-19.0,-0.09845302664471442,-0.5844462854170787,-0.7466928369627632,1.3311391223798419,False,|z(log word count difference)| <= 0.5 and |z(ENEM correctness difference)| <= 0.5
2020_CH_70,2020_CH_76,-9.0,-0.07086825363819102,-0.2945951586603004,-0.5374828907054064,0.8320780493657068,False,|z(log word count difference)| <= 0.5 and |z(ENEM correctness difference)| <= 0.5
2020_CH_70,2020_CH_77,-10.0,-0.04804612041816972,-0.3252051443117411,-0.3643940179671836,0.6895991622789247,True,|z(log word count difference)| <= 0.5 and |z(ENEM correctness difference)| <= 0.5
2020_CH_70,2020_LC_31,-58.0,-0.20304706970801048,-1.4659329671884587,-1.5399607069915295,3.005893674179988,False,|z(log word count difference)| <= 0.5 and |z(ENEM correctness difference)| <= 0.5
2020_CH_70,2021_CH_51,13.0,-0.22416730632366458,0.5016067922799654,-1.7001419622898322,2.2017487545697976,False,|z(log word count difference)| <= 0.5 and |z(ENEM correctness difference)| <= 0.5
2020_CH_70,2021_CH_57,25.0,-0.059396938266655014,1.0810833729707574,-0.4504815123793027,1.53156488535006,False,|z(log word count difference)| <= 0.5 and |z(ENEM correctness difference)| <= 0.5
2020_CH_70,2021_CH_65,-1.0,-0.4417524889326072,-0.0345739976232296,-3.3503634213987756,3.3849374190220054,False,|z(log word count difference)| <= 0.5 and |z(ENEM correctness difference)| <= 0.5
2020_CH_70,2021_CH_83,-51.0,-0.18989907293343053,-1.3297024824745256,-1.440242949736421,2.769945432210947,False,|z(log word count difference)| <= 0.5 and |z(ENEM correctness difference)| <= 0.5
2020_CH_70,2021_CH_86,9.0,-0.31099305860294935,0.33582717591330946,-2.358650588183111,2.6944777640964204,False,|z(log word count difference)| <= 0.5 and |z(ENEM correctness difference)| <= 0.5
2020_CH_70,2022_CH_47,-45.0,-0.2288187590288547,-1.2064523193419716,-1.7354197646571503,2.941872083999122,False,|z(log word count difference)| <= 0.5 and |z(ENEM correctness difference)| <= 0.5
2020_CH_70,2022_CH_51,-22.0,-0.00953566207033571,-0.6649963321968374,-0.07232089054317992,0.7373172227400173,False,|z(log word count difference)| <= 0.5 and |z(ENEM correctness difference)| <= 0.5
2020_CH_70,2022_CH_60,-20.0,-0.2080073386763228,-0.6115974373366666,-1.577580650575522,2.1891780879121887,False,|z(log word count difference)| <= 0.5 and |z(ENEM correctness difference)| <= 0.5
2020_CH_70,2022_CH_71,10.0,-0.19921931608740298,0.37621218333027984,-1.5109300483355992,1.887142231665879,False,|z(log word count difference)| <= 0.5 and |z(ENEM correctness difference)| <= 0.5
2020_CH_78,2019_CH_56,-44.0,-0.00919399373580776,-2.2694008788470983,-0.06972959084723819,2.3391304696943367,False,|z(log word count difference)| <= 0.5 and |z(ENEM correctness difference)| <= 0.5
2020_CH_78,2019_CH_64,-79.0,-0.22082802275954105,-3.22132100580989,-1.6748159849898507,4.896136990799741,False,|z(log word count difference)| <= 0.5 and |z(ENEM correctness difference)| <= 0.5
2020_CH_78,2019_CH_65,-60.0,0.0401146607345525,-2.75158273608488,0.30423980702770853,3.0558225431125887,False,|z(log word count difference)| <= 0.5 and |z(ENEM correctness difference)| <= 0.5
2020_CH_78,2020_CH_76,-50.0,0.0676994337410759,-2.461731609328102,0.5134497532850654,2.9751813626131676,False,|z(log word count difference)| <= 0.5 and |z(ENEM correctness difference)| <= 0.5
2020_CH_78,2020_CH_77,-51.0,0.0905215669610972,-2.4923415949795427,0.6865386260232882,3.1788802210028306,False,|z(log word count difference)| <= 0.5 and |z(ENEM correctness difference)| <= 0.5
2020_CH_78,2020_LC_31,-99.0,-0.06447938232874356,-3.63306941785626,-0.48902806300105767,4.122097480857318,False,|z(log word count difference)| <= 0.5 and |z(ENEM correctness difference)| <= 0.5
2020_CH_78,2021_CH_51,-28.0,-0.08559961894439766,-1.665529658387836,-0.6492093182993603,2.314738976687196,False,|z(log word count difference)| <= 0.5 and |z(ENEM correctness difference)| <= 0.5
2020_CH_78,2021_CH_57,-16.0,0.0791707491126119,-1.086053077697044,0.6004511316111691,1.6865042093082132,False,|z(log word count difference)| <= 0.5 and |z(ENEM correctness difference)| <= 0.5
2020_CH_78,2021_CH_65,-42.0,-0.30318480155334027,-2.2017104482910312,-2.299430777408304,4.501141225699335,False,|z(log word count difference)| <= 0.5 and |z(ENEM correctness difference)| <= 0.5
2020_CH_78,2021_CH_83,-92.0,-0.05133138555416361,-3.4968389331423273,-0.38931030574594916,3.8861492388882763,False,|z(log word count difference)| <= 0.5 and |z(ENEM correctness difference)| <= 0.5
2020_CH_78,2021_CH_86,-32.0,-0.1724253712236824,-1.8313092747544921,-1.307717944192639,3.139027218947131,False,|z(log word count difference)| <= 0.5 and |z(ENEM correctness difference)| <= 0.5
2020_CH_78,2022_CH_47,-86.0,-0.09025107164958779,-3.373588770009773,-0.6844871206666784,4.058075890676451,False,|z(log word count difference)| <= 0.5 and |z(ENEM correctness difference)| <= 0.5
2020_CH_78,2022_CH_51,-63.0,0.1290320253089312,-2.832132782864639,0.9786117534472919,3.810744536311931,False,|z(log word count difference)| <= 0.5 and |z(ENEM correctness difference)| <= 0.5
2020_CH_78,2022_CH_60,-61.0,-0.06943965129705587,-2.778733888004468,-0.5266480065850503,3.3053818945895186,False,|z(log word count difference)| <= 0.5 and |z(ENEM correctness difference)| <= 0.5
2020_CH_78,2022_CH_71,-31.0,-0.06065162870813606,-1.7909242673375216,-0.4599974043451275,2.250921671682649,False,|z(log word count difference)| <= 0.5 and |z(ENEM correctness difference)| <= 0.5
2020_CH_82,2019_CH_56,33.0,0.04803311557115042,0.9065819634397319,0.3642953858941431,1.270877349333875,False,|z(log word count difference)| <= 0.5 and |z(ENEM correctness difference)| <= 0.5
2020_CH_82,2019_CH_64,-2.0,-0.16360091345258287,-0.04533816352305997,-1.2407910082484694,1.2861291717715293,False,|z(log word count difference)| <= 0.5 and |z(ENEM correctness difference)| <= 0.5
2020_CH_82,2019_CH_65,17.0,0.09734177004151068,0.42440010620195007,0.7382647837690899,1.16266488997104,False,|z(log word count difference)| <= 0.5 and |z(ENEM correctness difference)| <= 0.5
2020_CH_82,2020_CH_76,27.0,0.12492654304803408,0.7142512329587284,0.9474747300264467,1.661725962985175,False,|z(log word count difference)| <= 0.5 and |z(ENEM correctness difference)| <= 0.5
2020_CH_82,2020_CH_77,26.0,0.14774867626805538,0.6836412473072877,1.1205636027646695,1.8042048500719572,False,|z(log word count difference)| <= 0.5 and |z(ENEM correctness difference)| <= 0.5
2020_CH_82,2020_LC_31,-22.0,-0.007252273021785383,-0.4570865755694299,-0.05500308625967637,0.5120896618291062,True,|z(log word count difference)| <= 0.5 and |z(ENEM correctness difference)| <= 0.5
2020_CH_82,2021_CH_51,49.0,-0.02837250963743948,1.5104531838989943,-0.21518434155797905,1.7256375254569734,False,|z(log word count difference)| <= 0.5 and |z(ENEM correctness difference)| <= 0.5
2020_CH_82,2021_CH_57,61.0,0.13639785841957008,2.0899297645897863,1.0344761083525504,3.1244058729423365,False,|z(log word count difference)| <= 0.5 and |z(ENEM correctness difference)| <= 0.5
2020_CH_82,2021_CH_65,35.0,-0.2459576922463821,0.9742723939957991,-1.8654058006669225,2.8396781946627216,False,|z(log word count difference)| <= 0.5 and |z(ENEM correctness difference)| <= 0.5
2020_CH_82,2021_CH_83,-15.0,0.005895723752794568,-0.3208560908554968,0.04471467099543214,0.36557076185092896,True,|z(log word count difference)| <= 0.5 and |z(ENEM correctness difference)| <= 0.5
2020_CH_82,2021_CH_86,45.0,-0.11519826191672422,1.3446735675323382,-0.8736929674512577,2.2183665349835957,False,|z(log word count difference)| <= 0.5 and |z(ENEM correctness difference)| <= 0.5
2020_CH_82,2022_CH_47,-9.0,-0.03302396234262961,-0.19760592772294283,-0.2504621439252971,0.4480680716482399,True,|z(log word count difference)| <= 0.5 and |z(ENEM correctness difference)| <= 0.5
2020_CH_82,2022_CH_51,14.0,0.1862591346158894,0.3438500594221914,1.412636730188673,1.7564867896108645,False,|z(log word count difference)| <= 0.5 and |z(ENEM correctness difference)| <= 0.5
2020_CH_82,2022_CH_60,16.0,-0.012212541990097692,0.3972489542823622,-0.09262302984366899,0.48987198412603117,True,|z(log word count difference)| <= 0.5 and |z(ENEM correctness difference)| <= 0.5
2020_CH_82,2022_CH_71,46.0,-0.0034245194011778834,1.3850585749493085,-0.025972427603746184,1.4110310025530546,False,|z(log word count difference)| <= 0.5 and |z(ENEM correctness difference)| <= 0.5
2020_CH_84,2019_CH_56,-14.0,-0.17462507680017567,-0.5195519942735225,-1.3244010717040138,1.8439530659775363,False,|z(log word count difference)| <= 0.5 and |z(ENEM correctness difference)| <= 0.5
2020_CH_84,2019_CH_64,-49.0,-0.386259105823909,-1.4714721212363142,-2.929487465846626,4.400959587082941,False,|z(log word count difference)| <= 0.5 and |z(ENEM correctness difference)| <= 0.5
2020_CH_84,2019_CH_65,-30.0,-0.1253164223298154,-1.0017338515113043,-0.950431673829067,1.9521655253403714,False,|z(log word count difference)| <= 0.5 and |z(ENEM correctness difference)| <= 0.5
2020_CH_84,2020_CH_76,-20.0,-0.09773164932329201,-0.711882724754526,-0.7412217275717102,1.4531044523262362,False,|z(log word count difference)| <= 0.5 and |z(ENEM correctness difference)| <= 0.5
2020_CH_84,2020_CH_77,-21.0,-0.0749095161032707,-0.7424927104059666,-0.5681328548334874,1.310625565239454,False,|z(log word count difference)| <= 0.5 and |z(ENEM correctness difference)| <= 0.5
2020_CH_84,2020_LC_31,-69.0,-0.22991046539311147,-1.8832205332826844,-1.7436995438578333,3.6269200771405177,False,|z(log word count difference)| <= 0.5 and |z(ENEM correctness difference)| <= 0.5
2020_CH_84,2021_CH_51,2.0,-0.25103070200876554,0.08431922618573984,-1.903880799156136,1.9882000253418757,False,|z(log word count difference)| <= 0.5 and |z(ENEM correctness difference)| <= 0.5
2020_CH_84,2021_CH_57,14.0,-0.086260333951756,0.6637958068765318,-0.6542203492456065,1.3180161561221384,False,|z(log word count difference)| <= 0.5 and |z(ENEM correctness difference)| <= 0.5
2020_CH_84,2021_CH_65,-12.0,-0.4686158846177082,-0.45186156371745523,-3.5541022582650794,4.005963821982535,False,|z(log word count difference)| <= 0.5 and |z(ENEM correctness difference)| <= 0.5
2020_CH_84,2021_CH_83,-62.0,-0.21676246861853152,-1.746990048568751,-1.6439817866027249,3.390971835171476,False,|z(log word count difference)| <= 0.5 and |z(ENEM correctness difference)| <= 0.5
2020_CH_84,2021_CH_86,-2.0,-0.33785645428805033,-0.08146039018091611,-2.562389425049415,2.6438498152303307,False,|z(log word count difference)| <= 0.5 and |z(ENEM correctness difference)| <= 0.5
2020_CH_84,2022_CH_47,-56.0,-0.2556821547139557,-1.6237398854361973,-1.939158601523454,3.5628984869596514,False,|z(log word count difference)| <= 0.5 and |z(ENEM correctness difference)| <= 0.5
2020_CH_84,2022_CH_51,-33.0,-0.0363990577554367,-1.082283898291063,-0.2760597274094837,1.3583436257005466,False,|z(log word count difference)| <= 0.5 and |z(ENEM correctness difference)| <= 0.5
2020_CH_84,2022_CH_60,-31.0,-0.23487073436142378,-1.0288850034308923,-1.7813194874418259,2.810204490872718,False,|z(log word count difference)| <= 0.5 and |z(ENEM correctness difference)| <= 0.5
2020_CH_84,2022_CH_71,-1.0,-0.22608271177250397,-0.041075382763945734,-1.714668885201903,1.7557442679658486,False,|z(log word count difference)| <= 0.5 and |z(ENEM correctness difference)| <= 0.5
2021_CH_46,2019_CH_56,-7.0,0.17873654646901926,-0.24576087361160281,1.3555835051521379,1.6013443787637407,False,|z(log word count difference)| <= 0.5 and |z(ENEM correctness difference)| <= 0.5
2021_CH_46,2019_CH_64,-42.0,-0.03289748255471403,-1.1976810005743945,-0.24950288899047468,1.4471838895648692,False,|z(log word count difference)| <= 0.5 and |z(ENEM correctness difference)| <= 0.5
2021_CH_46,2019_CH_65,-23.0,0.22804520093937952,-0.7279427308493847,1.7295529030270846,2.4574956338764693,False,|z(log word count difference)| <= 0.5 and |z(ENEM correctness difference)| <= 0.5
2021_CH_46,2020_CH_76,-13.0,0.2556299739459029,-0.4380916040926063,1.9387628492844415,2.3768544533770477,False,|z(log word count difference)| <= 0.5 and |z(ENEM correctness difference)| <= 0.5
2021_CH_46,2020_CH_77,-14.0,0.2784521071659242,-0.46870158974404696,2.1118517220226645,2.580553311766711,False,|z(log word count difference)| <= 0.5 and |z(ENEM correctness difference)| <= 0.5
2021_CH_46,2020_LC_31,-62.0,0.12345115787608346,-1.6094294126207647,0.9362850329983183,2.545714445619083,False,|z(log word count difference)| <= 0.5 and |z(ENEM correctness difference)| <= 0.5
2021_CH_46,2021_CH_51,9.0,0.10233092126042936,0.3581103468476595,0.7761037777000157,1.1342141245476753,False,|z(log word count difference)| <= 0.5 and |z(ENEM correctness difference)| <= 0.5
2021_CH_46,2021_CH_57,21.0,0.26710128931743893,0.9375869275384515,2.025764227610545,2.9633511551489966,False,|z(log word count difference)| <= 0.5 and |z(ENEM correctness difference)| <= 0.5
2021_CH_46,2021_CH_65,-5.0,-0.11525426134851324,-0.17807044305553552,-0.8741176814089278,1.0521881244644633,False,|z(log word count difference)| <= 0.5 and |z(ENEM correctness difference)| <= 0.5
2021_CH_46,2021_CH_83,-55.0,0.1365991546506634,-1.4731989279068314,1.036002790253427,2.5092017181602584,False,|z(log word count difference)| <= 0.5 and |z(ENEM correctness difference)| <= 0.5
2021_CH_46,2021_CH_86,5.0,0.015505168981144624,0.19233073048100358,0.11759515180673707,0.30992588228774065,True,|z(log word count difference)| <= 0.5 and |z(ENEM correctness difference)| <= 0.5
2021_CH_46,2022_CH_47,-49.0,0.09767946855523923,-1.3499487647742776,0.7408259753326977,2.0907747401069754,False,|z(log word count difference)| <= 0.5 and |z(ENEM correctness difference)| <= 0.5
2021_CH_46,2022_CH_51,-26.0,0.31696256551375823,-0.8084927776291433,2.403924849446668,3.212417627075811,False,|z(log word count difference)| <= 0.5 and |z(ENEM correctness difference)| <= 0.5
2021_CH_46,2022_CH_60,-24.0,0.11849088890777115,-0.7550938827689725,0.8986650894143258,1.6537589721832981,False,|z(log word count difference)| <= 0.5 and |z(ENEM correctness difference)| <= 0.5
2021_CH_46,2022_CH_71,6.0,0.12727891149669096,0.23271573789797395,0.9653156916542486,1.1980314295522225,False,|z(log word count difference)| <= 0.5 and |z(ENEM correctness difference)| <= 0.5
2021_CH_76,2019_CH_56,14.0,-0.21281066994679887,0.4269414616779916,-1.6140103386760891,2.0409518003540805,False,|z(log word count difference)| <= 0.5 and |z(ENEM correctness difference)| <= 0.5
2021_CH_76,2019_CH_64,-21.0,-0.42444469897053216,-0.5249786652848003,-3.2190967328187017,3.7440753981035018,False,|z(log word count difference)| <= 0.5 and |z(ENEM correctness difference)| <= 0.5
2021_CH_76,2019_CH_65,-2.0,-0.1635020154764386,-0.05524039555979021,-1.2400409408011424,1.2952813363609326,False,|z(log word count difference)| <= 0.5 and |z(ENEM correctness difference)| <= 0.5
2021_CH_76,2020_CH_76,8.0,-0.1359172424699152,0.23461073119698808,-1.0308309945437855,1.2654417257407735,False,|z(log word count difference)| <= 0.5 and |z(ENEM correctness difference)| <= 0.5
2021_CH_76,2020_CH_77,7.0,-0.11309510924989391,0.2040007455455474,-0.8577421218055628,1.0617428673511102,False,|z(log word count difference)| <= 0.5 and |z(ENEM correctness difference)| <= 0.5
2021_CH_76,2020_LC_31,-41.0,-0.26809605853973467,-0.9367270773311702,-2.0333088108299084,2.9700358881610787,False,|z(log word count difference)| <= 0.5 and |z(ENEM correctness difference)| <= 0.5
2021_CH_76,2021_CH_51,30.0,-0.28921629515538877,1.0308126821372539,-2.193490066128211,3.224302748265465,False,|z(log word count difference)| <= 0.5 and |z(ENEM correctness difference)| <= 0.5
2021_CH_76,2021_CH_57,42.0,-0.1244459270983792,1.6102892628280459,-0.9438296162176818,2.5541188790457277,False,|z(log word count difference)| <= 0.5 and |z(ENEM correctness difference)| <= 0.5
2021_CH_76,2021_CH_65,16.0,-0.5068014777643314,0.4946318922340589,-3.843711525237155,4.338343417471214,False,|z(log word count difference)| <= 0.5 and |z(ENEM correctness difference)| <= 0.5
2021_CH_76,2021_CH_83,-34.0,-0.2549480617651547,-0.8004965926172372,-1.9335910535748,2.7340876461920374,False,|z(log word count difference)| <= 0.5 and |z(ENEM correctness difference)| <= 0.5
2021_CH_76,2021_CH_86,26.0,-0.3760420474346735,0.865033065770598,-2.85199869202149,3.717031757792088,False,|z(log word count difference)| <= 0.5 and |z(ENEM correctness difference)| <= 0.5
2021_CH_76,2022_CH_47,-28.0,-0.2938677478605789,-0.6772464294846832,-2.228767868495529,2.9060142979802124,False,|z(log word count difference)| <= 0.5 and |z(ENEM correctness difference)| <= 0.5
2021_CH_76,2022_CH_51,-5.0,-0.0745846509020599,-0.1357904423395489,-0.565668994381559,0.701459436721108,False,|z(log word count difference)| <= 0.5 and |z(ENEM correctness difference)| <= 0.5
2021_CH_76,2022_CH_60,-3.0,-0.273056327508047,-0.0823915474793781,-2.0709287544139015,2.1533203018932796,False,|z(log word count difference)| <= 0.5 and |z(ENEM correctness difference)| <= 0.5
2021_CH_76,2022_CH_71,27.0,-0.2642683049191272,0.9054180731875683,-2.0042781521739785,2.9096962253615466,False,|z(log word count difference)| <= 0.5 and |z(ENEM correctness difference)| <= 0.5
2021_LC_26,2019_CH_56,118.0,-0.08339982378121408,2.3316259454579034,-0.6325255113397018,2.9641514567976053,False,|z(log word count difference)| <= 0.5 and |z(ENEM correctness difference)| <= 0.5
2021_LC_26,2019_CH_64,83.0,-0.29503385280494737,1.3797058184951114,-2.2376119054823143,3.6173177239774255,False,|z(log word count difference)| <= 0.5 and |z(ENEM correctness difference)| <= 0.5
2021_LC_26,2019_CH_65,102.0,-0.03409116931085382,1.8494440882201215,-0.2585561134647551,2.1080002016848765,False,|z(log word count difference)| <= 0.5 and |z(ENEM correctness difference)| <= 0.5
2021_LC_26,2020_CH_76,112.0,-0.00650639630433042,2.1392952149768996,-0.04934616720739826,2.188641382184298,False,|z(log word count difference)| <= 0.5 and |z(ENEM correctness difference)| <= 0.5
2021_LC_26,2020_CH_77,111.0,0.01631573691569088,2.108685229325459,0.12374270553082456,2.2324279348562834,False,|z(log word count difference)| <= 0.5 and |z(ENEM correctness difference)| <= 0.5
2021_LC_26,2020_LC_31,63.0,-0.13868521237414988,0.9679574064487415,-1.0518239834935212,2.0197813899422625,False,|z(log word count difference)| <= 0.5 and |z(ENEM correctness difference)| <= 0.5
2021_LC_26,2021_CH_51,134.0,-0.15980544898980398,2.9354971659171656,-1.212005238791824,4.147502404708989,False,|z(log word count difference)| <= 0.5 and |z(ENEM correctness difference)| <= 0.5
2021_LC_26,2021_CH_57,146.0,0.0049649190672055865,3.5149737466079576,0.03765521111870551,3.552628957726663,False,|z(log word count difference)| <= 0.5 and |z(ENEM correctness difference)| <= 0.5
2021_LC_26,2021_CH_65,120.0,-0.3773906315987466,2.3993163760139704,-2.8622266979007676,5.261543073914738,False,|z(log word count difference)| <= 0.5 and |z(ENEM correctness difference)| <= 0.5
2021_LC_26,2021_CH_83,70.0,-0.12553721559956993,1.1041878911626746,-0.9521062262384128,2.0562941174010874,False,|z(log word count difference)| <= 0.5 and |z(ENEM correctness difference)| <= 0.5
2021_LC_26,2021_CH_86,130.0,-0.24663120126908872,2.7697175495505095,-1.8705138646851025,4.640231414235612,False,|z(log word count difference)| <= 0.5 and |z(ENEM correctness difference)| <= 0.5
2021_LC_26,2022_CH_47,76.0,-0.1644569016949941,1.2274380542952286,-1.247283041159142,2.4747210954543704,False,|z(log word count difference)| <= 0.5 and |z(ENEM correctness difference)| <= 0.5
2021_LC_26,2022_CH_51,99.0,0.05482619526352489,1.7688940414403627,0.41581583295482827,2.1847098743951907,False,|z(log word count difference)| <= 0.5 and |z(ENEM correctness difference)| <= 0.5
2021_LC_26,2022_CH_60,101.0,-0.1436454813424622,1.8222929363005336,-1.089443927077514,2.9117368633780476,False,|z(log word count difference)| <= 0.5 and |z(ENEM correctness difference)| <= 0.5
2021_LC_26,2022_CH_71,131.0,-0.13485745875354238,2.81010255696748,-1.0227933248375911,3.832895881805071,False,|z(log word count difference)| <= 0.5 and |z(ENEM correctness difference)| <= 0.5
