participant_id,folder_name,timestamp_raw,timestamp_iso,source_json,source_json_full_path,source_enem_blocks,source_enem_blocks_full_path,present_question_ids_json,age,age__key_present,country_of_birth,country_of_birth__key_present,nationality,nationality__key_present,years_in_luxembourg,years_in_luxembourg__key_present,gender,gender__key_present,first_language,first_language__key_present,other_languages,other_languages__key_present,affiliation,affiliation__key_present,department_unit,department_unit__key_present,programme_name,programme_name__key_present,study_level,study_level__key_present,year_in_programme,year_in_programme__key_present,employee_role,employee_role__key_present,highest_degree,highest_degree__key_present,degree_field,degree_field__key_present,country_secondary_ed,country_secondary_ed__key_present,primary_school_langs,primary_school_langs__key_present,parent_a_edu,parent_a_edu__key_present,parent_b_edu,parent_b_edu__key_present,first_gen_he,first_gen_he__key_present,living_arrangement,living_arrangement__key_present
PID001,PID001,20251106_124958,2025-11-06 12:49:58,socio_PID01_20251106_124958.json,/home/thiago/Documents/fnirs/simple/sessions/Sessions 05-11-25/PID001/socio_PID01_20251106_124958.json,enem_blocks_PID01_20251106_124958.csv,/home/thiago/Documents/fnirs/simple/sessions/Sessions 05-11-25/PID001/enem_blocks_PID01_20251106_124958.csv,"[""affiliation"", ""age"", ""country_of_birth"", ""country_secondary_ed"", ""degree_field"", ""department_unit"", ""first_gen_he"", ""first_language"", ""gender"", ""highest_degree"", ""living_arrangement"", ""nationality"", ""other_languages"", ""parent_a_edu"", ""parent_b_edu"", ""primary_school_langs"", ""programme_name"", ""study_level"", ""year_in_programme"", ""years_in_luxembourg""]",42,True,iran,True,iranian,True,5,True,male,True,farsi,True,english,True,PhD candidate,True,udm liser,True,,True,PhD,True,3,True,,False,Master,True,geography,True,iran,True,farsi,True,Post-secondary non-tertiary,True,Post-secondary non-tertiary,True,yes,True,With parents/family,True
PID002,PID002,20251106_162601,2025-11-06 16:26:01,socio_PID002_20251106_162601.json,/home/thiago/Documents/fnirs/simple/sessions/Sessions 05-11-25/PID002/socio_PID002_20251106_162601.json,enem_blocks_PID002_20251106_162601.csv,/home/thiago/Documents/fnirs/simple/sessions/Sessions 05-11-25/PID002/enem_blocks_PID002_20251106_162601.csv,"[""affiliation"", ""age"", ""country_of_birth"", ""country_secondary_ed"", ""degree_field"", ""department_unit"", ""first_gen_he"", ""first_language"", ""gender"", ""highest_degree"", ""living_arrangement"", ""nationality"", ""other_languages"", ""parent_a_edu"", ""parent_b_edu"", ""primary_school_langs"", ""years_in_luxembourg""]",26,True,Brazil,True,Brazilian,True,4,True,female,True,portuguese,True,"english, german",True,PhD candidate,True,Social Sciences,True,,False,,False,,False,,False,Master,True,Economics,True,Luxembourg,True,Portuguese,True,PhD,True,Bachelor,True,No,True,Alone,True
PID003,PID003,20251111_140525,2025-11-11 14:05:25,socio_PID003_20251111_140525.json,/home/thiago/Documents/fnirs/simple/sessions/Sessions 11-11-25/PID003/socio_PID003_20251111_140525.json,enem_blocks_PID003_20251111_140525.csv,/home/thiago/Documents/fnirs/simple/sessions/Sessions 11-11-25/PID003/enem_blocks_PID003_20251111_140525.csv,"[""affiliation"", ""age"", ""country_of_birth"", ""country_secondary_ed"", ""degree_field"", ""department_unit"", ""first_gen_he"", ""first_language"", ""gender"", ""highest_degree"", ""living_arrangement"", ""nationality"", ""other_languages"", ""parent_a_edu"", ""parent_b_edu"", ""primary_school_langs"", ""years_in_luxembourg""]",29,True,Uuguay,True,Uruguayan,True,2,True,male,True,Spanish,True,English,True,PhD candidate,True,Living Conditions,True,,False,,False,,False,,False,Master,True,Conomics,True,Uruguay,True,Spanish,True,Highschool,True,School\,True,Yes,True,With couple,True
PID004,PID004,20251111_154532,2025-11-11 15:45:32,socio_pid004_20251111_154532.json,/home/thiago/Documents/fnirs/simple/sessions/Sessions 11-11-25/PID004/socio_pid004_20251111_154532.json,enem_blocks_pid004_20251111_154532.csv,/home/thiago/Documents/fnirs/simple/sessions/Sessions 11-11-25/PID004/enem_blocks_pid004_20251111_154532.csv,"[""affiliation"", ""age"", ""country_of_birth"", ""country_secondary_ed"", ""degree_field"", ""department_unit"", ""first_gen_he"", ""first_language"", ""gender"", ""highest_degree"", ""living_arrangement"", ""nationality"", ""other_languages"", ""parent_a_edu"", ""parent_b_edu"", ""primary_school_langs"", ""years_in_luxembourg""]",38,True,Brazil,True,Brazilian,True,1,True,female,True,Portuguese,True,English,True,PhD candidate,True,Psychology,True,,False,,False,,False,,False,Master,True,Communication and Cognition,True,Brazil,True,Portuguese,True,high school,True,high school,True,Yes,True,Student accomodation,True
PID005,PID05,20251112_112312,2025-11-12 11:23:12,socio_PID05_20251112_112312.json,/home/thiago/Documents/fnirs/simple/sessions/Sessions 12-11-25/PID05/socio_PID05_20251112_112312.json,enem_blocks_PID05_20251112_112312.csv,/home/thiago/Documents/fnirs/simple/sessions/Sessions 12-11-25/PID05/enem_blocks_PID05_20251112_112312.csv,"[""affiliation"", ""age"", ""country_of_birth"", ""country_secondary_ed"", ""degree_field"", ""department_unit"", ""first_gen_he"", ""first_language"", ""gender"", ""highest_degree"", ""living_arrangement"", ""nationality"", ""other_languages"", ""parent_a_edu"", ""parent_b_edu"", ""primary_school_langs"", ""years_in_luxembourg""]",28,True,italy,True,italian,True,0,True,male,True,italian,True,english,True,phd candidate,True,Liser,True,,False,,False,,False,,False,Doctorate,True,Economics,True,Italy,True,Italian,True,Master Degree,True,High school,True,no,True,alone,True
PID007,PID007,20251113_163330,2025-11-13 16:33:30,socio_pid007_20251113_163330.json,/home/thiago/Documents/fnirs/simple/sessions/Sessions 13-11-25/PID007/socio_pid007_20251113_163330.json,enem_blocks_pid007_20251113_163330.csv,/home/thiago/Documents/fnirs/simple/sessions/Sessions 13-11-25/PID007/enem_blocks_pid007_20251113_163330.csv,"[""affiliation"", ""age"", ""country_of_birth"", ""country_secondary_ed"", ""degree_field"", ""department_unit"", ""employee_role"", ""first_gen_he"", ""first_language"", ""gender"", ""highest_degree"", ""living_arrangement"", ""nationality"", ""other_languages"", ""parent_a_edu"", ""parent_b_edu"", ""primary_school_langs"", ""years_in_luxembourg""]",36,True,Colombia,True,Colombian,True,8,True,female,True,spanish,True,english,True,Employee research,True,Na,True,,False,,False,,False,Postdoc,True,doctorate,True,Economics,True,Colombia,True,Spanish,True,Bachelor,True,Bachelor,True,No,True,Renter,True
PID008,PID08,20251114_124523,2025-11-14 12:45:23,socio_PID08_20251114_124523.json,/home/thiago/Documents/fnirs/simple/sessions/Sessions 14-11-25/PID08/socio_PID08_20251114_124523.json,enem_blocks_PID08_20251114_124523.csv,/home/thiago/Documents/fnirs/simple/sessions/Sessions 14-11-25/PID08/enem_blocks_PID08_20251114_124523.csv,"[""affiliation"", ""age"", ""country_of_birth"", ""country_secondary_ed"", ""degree_field"", ""department_unit"", ""employee_role"", ""first_gen_he"", ""first_language"", ""gender"", ""highest_degree"", ""living_arrangement"", ""nationality"", ""other_languages"", ""parent_a_edu"", ""parent_b_edu"", ""primary_school_langs"", ""programme_name"", ""study_level"", ""year_in_programme"", ""years_in_luxembourg""]",27,True,France,True,French,True,5,True,male,True,French,True,English,True,Postdoctoral student,True,Labour Market,True,,True,,True,,True,Postdoc,True,Doctorate,True,Economics,True,France,True,French,True,Doctorate,True,Master,True,No,True,Single,True
PID009,PID09,20251114_143701,2025-11-14 14:37:01,socio_PID09_20251114_143701.json,/home/thiago/Documents/fnirs/simple/sessions/Sessions 14-11-25/PID09/socio_PID09_20251114_143701.json,enem_blocks_PID09_20251114_143701.csv,/home/thiago/Documents/fnirs/simple/sessions/Sessions 14-11-25/PID09/enem_blocks_PID09_20251114_143701.csv,"[""affiliation"", ""age"", ""country_of_birth"", ""country_secondary_ed"", ""degree_field"", ""department_unit"", ""first_gen_he"", ""first_language"", ""gender"", ""highest_degree"", ""living_arrangement"", ""nationality"", ""other_languages"", ""parent_a_edu"", ""parent_b_edu"", ""primary_school_langs"", ""programme_name"", ""study_level"", ""year_in_programme"", ""years_in_luxembourg""]",20,True,USA,True,Polish,True,16,True,female,True,polish,True,"luxembourgish, english, french, german",True,Bachelor student,True,psychology,True,BAP Bachelors in Psychology,True,Bachelor,True,2,True,,False,Upper-secondary,True,highschool,True,Luxembourg,True,Luxembourgish French German,True,Doctorate,True,Seconday school diploma,True,No,True,Appartment,True
PID010,PID010,20251114_165001,2025-11-14 16:50:01,socio_PID010_20251114_165001.json,/home/thiago/Documents/fnirs/simple/sessions/Sessions 14-11-25/PID010/socio_PID010_20251114_165001.json,enem_blocks_PID010_20251114_165001.csv,/home/thiago/Documents/fnirs/simple/sessions/Sessions 14-11-25/PID010/enem_blocks_PID010_20251114_165001.csv,"[""affiliation"", ""age"", ""country_of_birth"", ""country_secondary_ed"", ""degree_field"", ""department_unit"", ""first_gen_he"", ""first_language"", ""gender"", ""highest_degree"", ""living_arrangement"", ""nationality"", ""other_languages"", ""parent_a_edu"", ""parent_b_edu"", ""primary_school_langs"", ""years_in_luxembourg""]",33,True,Non-Eu,True,Third country national,True,2,True,female,True,Russian,True,"English, Korean, Uzbek",True,PhD,True,Living Conditions,True,,False,,False,,False,,False,Master,True,Economics,True,Uzbekistan,True,"Uzbek, Russian",True,Bachelor,True,Bachelor,True,No,True,Studio,True
PID011,PID11,20251118_110941,2025-11-18 11:09:41,socio_PID11_20251118_110941.json,/home/thiago/Documents/fnirs/simple/sessions/Sessions 18-11-25/PID11/socio_PID11_20251118_110941.json,enem_blocks_PID11_20251118_110941.csv,/home/thiago/Documents/fnirs/simple/sessions/Sessions 18-11-25/PID11/enem_blocks_PID11_20251118_110941.csv,"[""affiliation"", ""age"", ""country_of_birth"", ""country_secondary_ed"", ""degree_field"", ""department_unit"", ""first_gen_he"", ""first_language"", ""gender"", ""highest_degree"", ""living_arrangement"", ""nationality"", ""other_languages"", ""parent_a_edu"", ""parent_b_edu"", ""primary_school_langs"", ""years_in_luxembourg""]",35,True,Germany,True,German,True,0,True,male,True,German,True,English,True,PhD candidate,True,Institute of History,True,,False,,False,,False,,False,Master,True,Geoarchaeology,True,Germany,True,German,True,University,True,secondary school,True,no,True,Alone,True
PID012,PID12,20251118_141329,2025-11-18 14:13:29,socio_PID12_20251118_141329.json,/home/thiago/Documents/fnirs/simple/sessions/Sessions 18-11-25/PID12/socio_PID12_20251118_141329.json,enem_blocks_PID12_20251118_141329.csv,/home/thiago/Documents/fnirs/simple/sessions/Sessions 18-11-25/PID12/enem_blocks_PID12_20251118_141329.csv,"[""affiliation"", ""age"", ""country_of_birth"", ""country_secondary_ed"", ""degree_field"", ""department_unit"", ""first_gen_he"", ""first_language"", ""gender"", ""highest_degree"", ""living_arrangement"", ""nationality"", ""other_languages"", ""parent_a_edu"", ""parent_b_edu"", ""primary_school_langs"", ""programme_name"", ""study_level"", ""year_in_programme"", ""years_in_luxembourg""]",28,True,Brazil,True,Brazilian and Luxembourgish,True,3,True,female,True,Portuguese,True,English and French,True,Master student,True,Engineering,True,Master in Sustainable Development,True,Master,True,1,True,,False,Bachelor,True,Engineering,True,Brazil,True,Portuguese,True,Bachelor,True,Secondary school,True,No,True,with family,True
PID013,PID13,20251118_153529,2025-11-18 15:35:29,socio_PID13_20251118_153529.json,/home/thiago/Documents/fnirs/simple/sessions/Sessions 18-11-25/PID13/socio_PID13_20251118_153529.json,enem_blocks_PID13_20251118_153529.csv,/home/thiago/Documents/fnirs/simple/sessions/Sessions 18-11-25/PID13/enem_blocks_PID13_20251118_153529.csv,"[""affiliation"", ""age"", ""country_of_birth"", ""country_secondary_ed"", ""degree_field"", ""department_unit"", ""employee_role"", ""first_gen_he"", ""first_language"", ""gender"", ""highest_degree"", ""living_arrangement"", ""nationality"", ""other_languages"", ""parent_a_edu"", ""parent_b_edu"", ""primary_school_langs"", ""years_in_luxembourg""]",45,True,Iran,True,Luxembourg,True,34,True,male,True,Persian,True,"English, German, French, Luxembourgish",True,University Employee,True,Media Centre,True,,False,,False,,False,Technical Staff,True,Master,True,Social Sciences and Educational Sciences,True,Luxembourg and Albania,True,Luxembourgish,True,Bachelor,True,Secondary School,True,No,True,With wife and flat mates,True
PID014,PID014,20251119_102835,2025-11-19 10:28:35,socio_PID014_20251119_102835.json,/home/thiago/Documents/fnirs/simple/sessions/Sessions 19-11-25/PID014/socio_PID014_20251119_102835.json,enem_blocks_PID014_20251119_102835.csv,/home/thiago/Documents/fnirs/simple/sessions/Sessions 19-11-25/PID014/enem_blocks_PID014_20251119_102835.csv,"[""affiliation"", ""age"", ""country_of_birth"", ""country_secondary_ed"", ""degree_field"", ""department_unit"", ""first_gen_he"", ""first_language"", ""gender"", ""highest_degree"", ""living_arrangement"", ""nationality"", ""other_languages"", ""parent_a_edu"", ""parent_b_edu"", ""primary_school_langs"", ""years_in_luxembourg""]",32,True,italy,True,italian,True,1,True,female,True,italian,True,english,True,phd candidate,True,social sciences,True,,False,,False,,False,,False,doctorate,True,economic-law,True,italy,True,italian,True,secondary school,True,secondary school,True,yes,True,roomates,True
PID015,PID015,20251119_140111,2025-11-19 14:01:11,socio_PID015_20251119_140111.json,/home/thiago/Documents/fnirs/simple/sessions/Sessions 19-11-25/PID015/socio_PID015_20251119_140111.json,enem_blocks_PID015_20251119_140111.csv,/home/thiago/Documents/fnirs/simple/sessions/Sessions 19-11-25/PID015/enem_blocks_PID015_20251119_140111.csv,"[""affiliation"", ""age"", ""country_of_birth"", ""country_secondary_ed"", ""degree_field"", ""department_unit"", ""first_gen_he"", ""first_language"", ""gender"", ""highest_degree"", ""living_arrangement"", ""nationality"", ""other_languages"", ""parent_a_edu"", ""parent_b_edu"", ""primary_school_langs"", ""years_in_luxembourg""]",26,True,france,True,french,True,0,True,male,True,french,True,"english,german,russian",True,PhDcandidate,True,UDM,True,,False,,False,,False,,False,master,True,history,True,france,True,french,True,baccalaureat,True,baccalaureat,True,Yes,True,With faily,True
PID016,PID016,20251119_160945,2025-11-19 16:09:45,socio_PID016_20251119_160945.json,/home/thiago/Documents/fnirs/simple/sessions/Sessions 19-11-25/PID016/socio_PID016_20251119_160945.json,enem_blocks_PID016_20251119_160945.csv,/home/thiago/Documents/fnirs/simple/sessions/Sessions 19-11-25/PID016/enem_blocks_PID016_20251119_160945.csv,"[""affiliation"", ""age"", ""country_of_birth"", ""country_secondary_ed"", ""degree_field"", ""department_unit"", ""employee_role"", ""first_gen_he"", ""first_language"", ""gender"", ""highest_degree"", ""living_arrangement"", ""nationality"", ""other_languages"", ""parent_a_edu"", ""parent_b_edu"", ""primary_school_langs"", ""years_in_luxembourg""]",31,True,Luxembourg,True,Luxembourg,True,24,True,male,True,luxembourgish,True,"english, german, french",True,Employee,True,Udm,True,,False,,False,,False,Research staff,True,Doctorate,True,Economics,True,Netherlands,True,French German,True,Masters,True,Masters,True,no,True,with family,True
PID017,PID17,20251120_101028,2025-11-20 10:10:28,socio_pid17_20251120_101028.json,/home/thiago/Documents/fnirs/simple/sessions/Sessions 20-11-25/PID17/socio_pid17_20251120_101028.json,enem_blocks_pid17_20251120_101028.csv,/home/thiago/Documents/fnirs/simple/sessions/Sessions 20-11-25/PID17/enem_blocks_pid17_20251120_101028.csv,"[""affiliation"", ""age"", ""country_of_birth"", ""country_secondary_ed"", ""degree_field"", ""department_unit"", ""first_gen_he"", ""first_language"", ""gender"", ""highest_degree"", ""living_arrangement"", ""nationality"", ""other_languages"", ""parent_a_edu"", ""parent_b_edu"", ""primary_school_langs"", ""years_in_luxembourg""]",29,True,Germany,True,German,True,1,True,male,True,german,True,English,True,PhD Candidate,True,Udm,True,,False,,False,,False,,False,Master,True,Sociology,True,Germany,True,german,True,high-school level,True,High-school level,True,yes,True,alone,True
PID018,PID18,20251120_115656,2025-11-20 11:56:56,socio_PID18_20251120_115656.json,/home/thiago/Documents/fnirs/simple/sessions/Sessions 20-11-25/PID18/socio_PID18_20251120_115656.json,enem_blocks_PID18_20251120_115656.csv,/home/thiago/Documents/fnirs/simple/sessions/Sessions 20-11-25/PID18/enem_blocks_PID18_20251120_115656.csv,"[""affiliation"", ""age"", ""country_of_birth"", ""country_secondary_ed"", ""degree_field"", ""department_unit"", ""employee_role"", ""first_gen_he"", ""first_language"", ""gender"", ""highest_degree"", ""living_arrangement"", ""nationality"", ""other_languages"", ""parent_a_edu"", ""parent_b_edu"", ""primary_school_langs"", ""years_in_luxembourg""]",52,True,Poland,True,polish,True,17,True,male,True,polish,True,english,True,LIS employee,True,Data,True,,False,,False,,False,research associate and data expert,True,Doctorate,True,Political Science,True,Poland,True,Polish,True,university,True,university,True,No,True,with family,True
PID019,PID19,20251120_140642,2025-11-20 14:06:42,socio_PID19_20251120_140642.json,/home/thiago/Documents/fnirs/simple/sessions/Sessions 20-11-25/PID19/socio_PID19_20251120_140642.json,enem_blocks_PID19_20251120_140642.csv,/home/thiago/Documents/fnirs/simple/sessions/Sessions 20-11-25/PID19/enem_blocks_PID19_20251120_140642.csv,"[""affiliation"", ""age"", ""country_of_birth"", ""country_secondary_ed"", ""degree_field"", ""department_unit"", ""first_gen_he"", ""first_language"", ""gender"", ""highest_degree"", ""living_arrangement"", ""nationality"", ""other_languages"", ""parent_a_edu"", ""parent_b_edu"", ""primary_school_langs"", ""years_in_luxembourg""]",37,True,Lebanon,True,Lebanese,True,2,True,Male,True,Arabic,True,English,True,PhD Candidate,True,Udm,True,,False,,False,,False,,False,Master,True,Computer Engineering,True,Lebanon,True,Arabic English French,True,University,True,Secondary School,True,No,True,With partner,True
PID020,PID20,20251120_163606,2025-11-20 16:36:06,socio_PID20_20251120_163606.json,/home/thiago/Documents/fnirs/simple/sessions/Sessions 20-11-25/PID20/socio_PID20_20251120_163606.json,enem_blocks_PID20_20251120_163606.csv,/home/thiago/Documents/fnirs/simple/sessions/Sessions 20-11-25/PID20/enem_blocks_PID20_20251120_163606.csv,"[""affiliation"", ""age"", ""country_of_birth"", ""country_secondary_ed"", ""degree_field"", ""department_unit"", ""first_gen_he"", ""first_language"", ""gender"", ""highest_degree"", ""living_arrangement"", ""nationality"", ""other_languages"", ""parent_a_edu"", ""parent_b_edu"", ""primary_school_langs"", ""years_in_luxembourg""]",25,True,Germany,True,German,True,5,True,male,True,German,True,English,True,PhD candidate,True,Cognitive and Behavioral Sciences,True,,False,,False,,False,,False,Master,True,Psychology,True,Gemany,True,German EnGlish French,True,Doctorate,True,Master,True,No,True,with girlfriend,True
PID021,PID021,20251121_102759,2025-11-21 10:27:59,socio_PID021_20251121_102759.json,/home/thiago/Documents/fnirs/simple/sessions/Sessions 21-11-25/PID021/socio_PID021_20251121_102759.json,enem_blocks_PID021_20251121_102759.csv,/home/thiago/Documents/fnirs/simple/sessions/Sessions 21-11-25/PID021/enem_blocks_PID021_20251121_102759.csv,"[""affiliation"", ""age"", ""country_of_birth"", ""country_secondary_ed"", ""degree_field"", ""department_unit"", ""employee_role"", ""first_gen_he"", ""first_language"", ""gender"", ""highest_degree"", ""living_arrangement"", ""nationality"", ""other_languages"", ""parent_a_edu"", ""parent_b_edu"", ""primary_school_langs"", ""years_in_luxembourg""]",58,True,germany,True,german,True,0,True,female,True,german,True,"french, english, chinese",True,university employee,True,FHSE,True,,False,,False,,False,Admin staff,True,Master,True,"Chinese , french language and cultre",True,germany,True,german,True,Master level,True,Bachelor level,True,no,True,alone,True
PID022,PID022,20251121_122104,2025-11-21 12:21:04,socio_PID022_20251121_122104.json,/home/thiago/Documents/fnirs/simple/sessions/Sessions 21-11-25/PID022/socio_PID022_20251121_122104.json,enem_blocks_PID022_20251121_122104.csv,/home/thiago/Documents/fnirs/simple/sessions/Sessions 21-11-25/PID022/enem_blocks_PID022_20251121_122104.csv,"[""affiliation"", ""age"", ""country_of_birth"", ""country_secondary_ed"", ""degree_field"", ""department_unit"", ""employee_role"", ""first_gen_he"", ""first_language"", ""gender"", ""highest_degree"", ""living_arrangement"", ""nationality"", ""other_languages"", ""parent_a_edu"", ""parent_b_edu"", ""primary_school_langs"", ""years_in_luxembourg""]",49,True,France,True,French,True,0,True,female,True,french,True,english,True,university employee,True,decanat,True,,False,,False,,False,team leader,True,bachelor,True,secretaria,True,France,True,french,True,no,True,no,True,yes,True,alone,True
PID023,PID023,20251121_144341,2025-11-21 14:43:41,socio_PID023_20251121_144341.json,/home/thiago/Documents/fnirs/simple/sessions/Sessions 21-11-25/PID023/socio_PID023_20251121_144341.json,enem_blocks_PID023_20251121_144341.csv,/home/thiago/Documents/fnirs/simple/sessions/Sessions 21-11-25/PID023/enem_blocks_PID023_20251121_144341.csv,"[""affiliation"", ""age"", ""country_of_birth"", ""country_secondary_ed"", ""degree_field"", ""department_unit"", ""employee_role"", ""first_gen_he"", ""first_language"", ""gender"", ""highest_degree"", ""living_arrangement"", ""nationality"", ""other_languages"", ""parent_a_edu"", ""parent_b_edu"", ""primary_school_langs"", ""years_in_luxembourg""]",42,True,Romania,True,French Romanian,True,16,True,Female,True,Romanian,True,"French, English, Spanish, Italian",True,University Employee,True,FHSE Administration,True,,False,,False,,False,Admin staff,True,Master,True,Economics,True,Romania,True,Romanian,True,Master,True,Master,True,No,True,With family,True
PID024,PID24,20251125_092800,2025-11-25 09:28:00,socio_PID24_20251125_092800.json,/home/thiago/Documents/fnirs/simple/sessions/Sessions 25-11-25/PID24/socio_PID24_20251125_092800.json,enem_blocks_PID24_20251125_092800.csv,/home/thiago/Documents/fnirs/simple/sessions/Sessions 25-11-25/PID24/enem_blocks_PID24_20251125_092800.csv,"[""affiliation"", ""age"", ""country_of_birth"", ""country_secondary_ed"", ""degree_field"", ""department_unit"", ""first_gen_he"", ""first_language"", ""gender"", ""highest_degree"", ""living_arrangement"", ""nationality"", ""other_languages"", ""parent_a_edu"", ""parent_b_edu"", ""primary_school_langs"", ""years_in_luxembourg""]",27,True,Luxembourg,True,Luxembourgish,True,27,True,Male,True,Luxembourgish,True,"German, french and english",True,Working at Emile Weber,True,Service Loge,True,,False,,False,,False,,False,Upper-secondary,True,Technique generale,True,Luxembourg,True,French,True,Dropped out after 6th,True,Secondary,True,Yes,True,With parents,True
PID025,PID25,20251125_120604,2025-11-25 12:06:04,socio_PID25_20251125_120604.json,/home/thiago/Documents/fnirs/simple/sessions/Sessions 25-11-25/PID25/socio_PID25_20251125_120604.json,enem_blocks_PID25_20251125_120604.csv,/home/thiago/Documents/fnirs/simple/sessions/Sessions 25-11-25/PID25/enem_blocks_PID25_20251125_120604.csv,"[""affiliation"", ""age"", ""country_of_birth"", ""country_secondary_ed"", ""degree_field"", ""department_unit"", ""employee_role"", ""first_gen_he"", ""first_language"", ""gender"", ""highest_degree"", ""living_arrangement"", ""nationality"", ""other_languages"", ""parent_a_edu"", ""parent_b_edu"", ""primary_school_langs"", ""years_in_luxembourg""]",52,True,Germany,True,German,True,0,True,male,True,german,True,"english, french, luxembourgish, Italian, Dutch",True,University employee,True,FHSE-MEDIACentre,True,,False,,False,,False,Admin,True,Master,True,Media Studies,True,Germany,True,German,True,Secondary I,True,Secondary,True,yes,True,with family,True
PID026,PID26,20251125_142157,2025-11-25 14:21:57,socio_PID26_20251125_142157.json,/home/thiago/Documents/fnirs/simple/sessions/Sessions 25-11-25/PID26/socio_PID26_20251125_142157.json,enem_blocks_PID26_20251125_142157.csv,/home/thiago/Documents/fnirs/simple/sessions/Sessions 25-11-25/PID26/enem_blocks_PID26_20251125_142157.csv,"[""affiliation"", ""age"", ""country_of_birth"", ""country_secondary_ed"", ""degree_field"", ""department_unit"", ""first_gen_he"", ""first_language"", ""gender"", ""highest_degree"", ""living_arrangement"", ""nationality"", ""other_languages"", ""parent_a_edu"", ""parent_b_edu"", ""primary_school_langs"", ""years_in_luxembourg""]",29,True,Luxembourg,True,luxembourgish,True,29,True,female,True,dutch,True,french english,True,research associate,True,udm,True,,False,,False,,False,,False,doctorate,True,political science,True,belgium,True,dutch,True,bachelor,True,bachelor,True,no,True,with parents,True
PID027,PID27,20251125_162020,2025-11-25 16:20:20,socio_PID27_20251125_162020.json,/home/thiago/Documents/fnirs/simple/sessions/Sessions 25-11-25/PID27/socio_PID27_20251125_162020.json,enem_blocks_PID27_20251125_162020.csv,/home/thiago/Documents/fnirs/simple/sessions/Sessions 25-11-25/PID27/enem_blocks_PID27_20251125_162020.csv,"[""affiliation"", ""age"", ""country_of_birth"", ""country_secondary_ed"", ""degree_field"", ""department_unit"", ""first_gen_he"", ""first_language"", ""gender"", ""highest_degree"", ""living_arrangement"", ""nationality"", ""other_languages"", ""parent_a_edu"", ""parent_b_edu"", ""primary_school_langs"", ""years_in_luxembourg""]",24,True,ITALY,True,italian,True,0.3,True,female,True,italian,True,english french,True,PhD candidate,True,Social and Behavioral Sciences,True,,False,,False,,False,,False,Master,True,psychology,True,netherlands,True,english,True,high school,True,high school,True,yes,True,with one roomate,True
PID028,PID028,20251126_101725,2025-11-26 10:17:25,socio_PID028_20251126_101725.json,/home/thiago/Documents/fnirs/simple/sessions/Sessions 26-11-25/PID028/socio_PID028_20251126_101725.json,enem_blocks_PID028_20251126_101725.csv,/home/thiago/Documents/fnirs/simple/sessions/Sessions 26-11-25/PID028/enem_blocks_PID028_20251126_101725.csv,"[""affiliation"", ""age"", ""country_of_birth"", ""country_secondary_ed"", ""degree_field"", ""department_unit"", ""employee_role"", ""first_gen_he"", ""first_language"", ""gender"", ""highest_degree"", ""living_arrangement"", ""nationality"", ""other_languages"", ""parent_a_edu"", ""parent_b_edu"", ""primary_school_langs"", ""years_in_luxembourg""]",63,True,Uk,True,British,True,10,True,male,True,English,True,,True,University employee,True,C2DH,True,,False,,False,,False,Technical,True,Upper secondary,True,None,True,Uk,True,english,True,unknown,True,Unknown,True,Dont Know,True,Alone,True
PID029,PID029,20251126_122029,2025-11-26 12:20:29,socio_PID029_20251126_122029.json,/home/thiago/Documents/fnirs/simple/sessions/Sessions 26-11-25/PID029/socio_PID029_20251126_122029.json,enem_blocks_PID029_20251126_122029.csv,/home/thiago/Documents/fnirs/simple/sessions/Sessions 26-11-25/PID029/enem_blocks_PID029_20251126_122029.csv,"[""affiliation"", ""age"", ""country_of_birth"", ""country_secondary_ed"", ""degree_field"", ""department_unit"", ""employee_role"", ""first_gen_he"", ""first_language"", ""gender"", ""highest_degree"", ""living_arrangement"", ""nationality"", ""other_languages"", ""parent_a_edu"", ""parent_b_edu"", ""primary_school_langs"", ""years_in_luxembourg""]",38,True,Italy,True,Italian,True,4,True,male,True,italian,True,english,True,university employee,True,UDM,True,,False,,False,,False,Postdoc,True,Doctorate,True,Political Sciences,True,Italy,True,Italian,True,Master,True,Master,True,No,True,alone,True
PID030,PID030,20251126_140643,2025-11-26 14:06:43,socio_ PID030_20251126_140643.json,/home/thiago/Documents/fnirs/simple/sessions/Sessions 26-11-25/PID030/socio_ PID030_20251126_140643.json,enem_blocks_ PID030_20251126_140643.csv,/home/thiago/Documents/fnirs/simple/sessions/Sessions 26-11-25/PID030/enem_blocks_ PID030_20251126_140643.csv,"[""affiliation"", ""age"", ""country_of_birth"", ""country_secondary_ed"", ""degree_field"", ""department_unit"", ""first_gen_he"", ""first_language"", ""gender"", ""highest_degree"", ""living_arrangement"", ""nationality"", ""other_languages"", ""parent_a_edu"", ""parent_b_edu"", ""primary_school_langs"", ""years_in_luxembourg""]",34,True,chile,True,chilean,True,0,True,male,True,spanish,True,"english, french",True,research associate,True,"living conditions, Liser",True,,False,,False,,False,,False,Doctorate,True,Economics,True,Chile,True,Spanish,True,University degree,True,technical career,True,no,True,married with children,True
PID031,PID031,20251126_161805,2025-11-26 16:18:05,socio_PID031_20251126_161805.json,/home/thiago/Documents/fnirs/simple/sessions/Sessions 26-11-25/PID031/socio_PID031_20251126_161805.json,enem_blocks_PID031_20251126_161805.csv,/home/thiago/Documents/fnirs/simple/sessions/Sessions 26-11-25/PID031/enem_blocks_PID031_20251126_161805.csv,"[""affiliation"", ""age"", ""country_of_birth"", ""country_secondary_ed"", ""degree_field"", ""department_unit"", ""employee_role"", ""first_gen_he"", ""first_language"", ""gender"", ""highest_degree"", ""living_arrangement"", ""nationality"", ""other_languages"", ""parent_a_edu"", ""parent_b_edu"", ""primary_school_langs"", ""years_in_luxembourg""]",27,True,Portugal,True,Portuguese,True,3,True,male,True,portuguese,True,english italian,True,"employee, Lis",True,lis,True,,False,,False,,False,data analyst,True,Master,True,Economics,True,Portugal,True,portuguese,True,Bachelor,True,Bachelor,True,No,True,with girlfriend,True
PID032,PID32,20251127_120756,2025-11-27 12:07:56,socio_PID32_20251127_120756.json,/home/thiago/Documents/fnirs/simple/sessions/Sessions 27-11-25/PID32/socio_PID32_20251127_120756.json,enem_blocks_PID32_20251127_120756.csv,/home/thiago/Documents/fnirs/simple/sessions/Sessions 27-11-25/PID32/enem_blocks_PID32_20251127_120756.csv,"[""affiliation"", ""age"", ""country_of_birth"", ""country_secondary_ed"", ""degree_field"", ""department_unit"", ""employee_role"", ""first_gen_he"", ""first_language"", ""gender"", ""highest_degree"", ""living_arrangement"", ""nationality"", ""other_languages"", ""parent_a_edu"", ""parent_b_edu"", ""primary_school_langs"", ""years_in_luxembourg""]",27,True,Albania,True,Albanian,True,4,True,Female,True,Albanian,True,english french,True,liser employee,True,Labour Market,True,,False,,False,,False,Research staff,True,Master,True,Data Science,True,Albania,True,Albanian,True,High School,True,High School,True,Yes,True,with one flatmate,True
PID033,PID33,20251127_142019,2025-11-27 14:20:19,socio_PID33_20251127_142019.json,/home/thiago/Documents/fnirs/simple/sessions/Sessions 27-11-25/PID33/socio_PID33_20251127_142019.json,enem_blocks_PID33_20251127_142019.csv,/home/thiago/Documents/fnirs/simple/sessions/Sessions 27-11-25/PID33/enem_blocks_PID33_20251127_142019.csv,"[""affiliation"", ""age"", ""country_of_birth"", ""country_secondary_ed"", ""degree_field"", ""department_unit"", ""employee_role"", ""first_gen_he"", ""first_language"", ""gender"", ""highest_degree"", ""living_arrangement"", ""nationality"", ""other_languages"", ""parent_a_edu"", ""parent_b_edu"", ""primary_school_langs"", ""years_in_luxembourg""]",25,True,luxembourg,True,french english,True,0,True,female,True,french english,True,italian spanish german,True,university employee,True,Administration Media centre,True,,False,,False,,False,admin staff,True,master,True,Humanities European History,True,France,True,French,True,Bachelor,True,Bachelor,True,no,True,with family,True
PID034,PID34,20251127_161957,2025-11-27 16:19:57,socio_PID34_20251127_161957.json,/home/thiago/Documents/fnirs/simple/sessions/Sessions 27-11-25/PID34/socio_PID34_20251127_161957.json,enem_blocks_PID34_20251127_161957.csv,/home/thiago/Documents/fnirs/simple/sessions/Sessions 27-11-25/PID34/enem_blocks_PID34_20251127_161957.csv,"[""affiliation"", ""age"", ""country_of_birth"", ""country_secondary_ed"", ""degree_field"", ""department_unit"", ""first_gen_he"", ""first_language"", ""gender"", ""highest_degree"", ""living_arrangement"", ""nationality"", ""other_languages"", ""parent_a_edu"", ""parent_b_edu"", ""primary_school_langs"", ""programme_name"", ""study_level"", ""year_in_programme"", ""years_in_luxembourg""]",26,True,Italy,True,Italian,True,0,True,male,True,Italian,True,English,True,Master student,True,Economics,True,MSc Economics and Finance,True,Master,True,2,True,,False,Bachelor,True,Economics,True,Italy,True,Italian,True,Secondary education,True,Secondary education,True,Yes,True,with family,True
PID035,PID035,20251128_102111,2025-11-28 10:21:11,socio_PID035_20251128_102111.json,/home/thiago/Documents/fnirs/simple/sessions/Sessions 28-11-25/PID035/socio_PID035_20251128_102111.json,enem_blocks_PID035_20251128_102111.csv,/home/thiago/Documents/fnirs/simple/sessions/Sessions 28-11-25/PID035/enem_blocks_PID035_20251128_102111.csv,"[""affiliation"", ""age"", ""country_of_birth"", ""country_secondary_ed"", ""degree_field"", ""department_unit"", ""first_gen_he"", ""first_language"", ""gender"", ""highest_degree"", ""living_arrangement"", ""nationality"", ""other_languages"", ""parent_a_edu"", ""parent_b_edu"", ""primary_school_langs"", ""years_in_luxembourg""]",38,True,Lebanon,True,"Lebanese, Russian",True,3,True,Male,True,Lebanese,True,"Arabic, Russian, English, French",True,PhD candidate,True,Economics,True,,False,,False,,False,,False,Master,True,Economics,True,Lebanon,True,"French, Arabic",True,primary school,True,Bachelor,True,No,True,Alone,True
PID036,PID036,20251128_122743,2025-11-28 12:27:43,socio_PID036_20251128_122743.json,/home/thiago/Documents/fnirs/simple/sessions/Sessions 28-11-25/PID036/socio_PID036_20251128_122743.json,enem_blocks_PID036_20251128_122743.csv,/home/thiago/Documents/fnirs/simple/sessions/Sessions 28-11-25/PID036/enem_blocks_PID036_20251128_122743.csv,"[""affiliation"", ""age"", ""country_of_birth"", ""country_secondary_ed"", ""degree_field"", ""department_unit"", ""employee_role"", ""first_gen_he"", ""first_language"", ""gender"", ""highest_degree"", ""living_arrangement"", ""nationality"", ""other_languages"", ""parent_a_edu"", ""parent_b_edu"", ""primary_school_langs"", ""years_in_luxembourg""]",29,True,Germany,True,German,True,10,True,female,True,German,True,English French Luxembourgish,True,Employee,True,Fhse,True,,False,,False,,False,Admin Staff,True,Master,True,Linguistics and Literature,True,Germany,True,German,True,Hauptschule,True,Abitur,True,yes,True,with partner,True
PID038,PID038,20251128_154223,2025-11-28 15:42:23,socio_PID038_20251128_154223.json,/home/thiago/Documents/fnirs/simple/sessions/Sessions 28-11-25/PID038/socio_PID038_20251128_154223.json,enem_blocks_PID038_20251128_154223.csv,/home/thiago/Documents/fnirs/simple/sessions/Sessions 28-11-25/PID038/enem_blocks_PID038_20251128_154223.csv,"[""affiliation"", ""age"", ""country_of_birth"", ""country_secondary_ed"", ""degree_field"", ""department_unit"", ""employee_role"", ""first_gen_he"", ""first_language"", ""gender"", ""highest_degree"", ""living_arrangement"", ""nationality"", ""other_languages"", ""parent_a_edu"", ""parent_b_edu"", ""primary_school_langs"", ""years_in_luxembourg""]",26,True,Germany,True,german,True,1,True,male,True,german,True,english,True,university employee,True,Media Centre,True,,False,,False,,False,Technical staff,True,Bachelor,True,Sound Engineering,True,Germany,True,german,True,higher school,True,higher school,True,NO,True,together with my partner,True
